,ra,dec,pa,OBSID,MJDOBS,XPOSURE,SGT_LAT_MIDPT,SGT_LON_MIDPT,SGT_MIN_GCD2SAA,SPS_ELON,SPS_ELAT,SPS_EPA
0,36.55579847341118,-34.17440661,163.92863295,2025W27_1A_0314_4,60857.59153,113.5826,-10.505973,237.630234,24.949288,13.012048,-44.509611,0.0
1,236.3933591998812,-58.63495375,277.8614126717911,2025W31_2A_0097_2,60888.00415,113.5826,-63.062803,251.404554,20.991826,244.0,-37.303742,180.0
2,262.8683603636001,-56.58756946,-159.8542418,2025W38_1A_0246_1,60933.85336,113.5826,-59.074215,307.947893,1.013853,259.354839,-34.094142,180.0
3,286.0400389762366,-58.79636213,177.1198054084498,2025W36_1A_0045_2,60919.18115,113.5826,-55.287431,191.881002,51.868189,274.83871,-34.880808,180.0
4,286.42234684158007,-58.62850362,-11.40769375,2025W36_1A_0045_2,60919.18115,113.5826,-55.287431,191.881002,51.868189,274.83871,-34.880808,180.0
5,279.7378072822641,-59.81116086,140.53051279430696,2025W36_1A_0045_2,60919.18115,113.5826,-55.287431,191.881002,51.868189,274.83871,-34.880808,180.0
6,71.87650530976062,-53.08688563,146.89805629,2025W31_2A_0199_3,60888.56412,113.5826,-28.271412,250.105782,15.305609,46.153846,-72.609351,0.0
7,64.48715182,-52.83754,-58.95722633,2025W31_2A_0199_3,60888.56412,113.5826,-28.271412,250.105782,15.305609,46.153846,-72.609351,0.0
8,78.76011725688801,1.846493996623385,155.3437929,2025W36_1A_0064_3,60919.27767,113.5826,27.222678,344.654881,32.129852,73.398058,-22.435739,0.0
9,75.38224519114728,-0.668098327,-37.03379368,2025W36_1A_0064_3,60919.27767,113.5826,27.222678,344.654881,32.129852,73.398058,-22.435739,0.0
10,69.42498838378162,-1.322015932,-31.73167018,2025W36_1A_0064_3,60919.27767,113.5826,27.222678,344.654881,32.129852,73.398058,-22.435739,0.0
11,69.28692389084144,0.052453889,150.4537204,2025W36_1A_0064_3,60919.27767,113.5826,27.222678,344.654881,32.129852,73.398058,-22.435739,0.0
12,69.11005654143638,0.3644760894792478,0.0,2025W36_1A_0064_3,60919.27767,113.5826,27.222678,344.654881,32.129852,73.398058,-22.435739,0.0
13,70.69855406386459,0.7615553600933653,-32.21806216,2025W36_1A_0064_3,60919.27767,113.5826,27.222678,344.654881,32.129852,73.398058,-22.435739,0.0
14,266.8034409841823,69.70277397426601,161.12927193919612,2025W38_1A_0029_1,60933.08106,113.5826,71.003197,263.425953,80.065608,145.600332,85.32755,311.469264
15,338.04224792655083,51.46620327,-38.99552658,2025W27_1A_0212_1,60857.06374,113.5826,70.741395,42.552314,87.764084,15.428571,55.51508,0.0
16,205.99276853301475,-10.49319085,75.99723381956808,2025W27_1A_0271_2,60857.35714,113.5826,-7.943105,139.357955,112.374136,213.333333,-1.408134,180.0
17,206.81451624284065,-11.0981321,207.6307097514662,2025W27_1A_0271_2,60857.35714,113.5826,-7.943105,139.357955,112.374136,213.333333,-1.408134,180.0
18,207.8903046307826,-13.02856558,195.47605669973282,2025W27_1A_0271_2,60857.35714,113.5826,-7.943105,139.357955,112.374136,213.333333,-1.408134,180.0
19,35.319447458515725,-34.45567735,334.4724388344583,2025W27_1A_0314_3,60857.59004,113.5826,-17.783203,239.214864,22.800181,13.012048,-44.706277,0.0
20,287.9507528034504,-7.570586837,22.13004803729091,2025W38_1A_0165_2,60933.57279,113.5826,-13.031796,60.600206,40.72707,285.981308,13.396937,180.0
21,290.6971533472545,-8.240761978,24.26117870431188,2025W38_1A_0165_2,60933.57279,113.5826,-13.031796,60.600206,40.72707,285.981308,13.396937,180.0
22,321.0653385773508,-15.90803144,-25.25684614,2025W18_1B_0405_3,60796.18253,113.5826,7.493073,22.715257,32.709808,313.333333,0.1652,0.0
23,320.6788150820322,-16.01007084,182.34468303072487,2025W18_1B_0405_3,60796.18253,113.5826,7.493073,22.715257,32.709808,313.333333,0.1652,0.0
24,318.8792273228726,-15.2452097,-30.92978044,2025W18_1B_0405_3,60796.18253,113.5826,7.493073,22.715257,32.709808,313.333333,0.1652,0.0
25,312.8633786773024,-15.81898906,-31.58047365,2025W18_1B_0405_3,60796.18253,113.5826,7.493073,22.715257,32.709808,313.333333,0.1652,0.0
26,312.73858697695147,-15.88888297,148.65162247,2025W18_1B_0405_3,60796.18253,113.5826,7.493073,22.715257,32.709808,313.333333,0.1652,0.0
27,234.4768549216187,-34.81177286,169.72277260614234,2025W31_2A_0134_2,60888.20171,113.5826,-30.348528,191.593728,66.282144,245.607477,-13.593603,180.0
28,45.53009180037406,6.16893157,149.62771061809102,2025W31_2A_0115_3,60888.09619,113.5826,10.692842,52.778851,50.953668,40.373832,-11.823603,0.0
29,41.18371353803106,3.165791427786337,171.90343254998749,2025W31_2A_0115_3,60888.09619,113.5826,10.692842,52.778851,50.953668,40.373832,-11.823603,0.0
30,42.04040961445322,2.574325738466654,-21.40930485,2025W31_2A_0115_3,60888.09619,113.5826,10.692842,52.778851,50.953668,40.373832,-11.823603,0.0
31,37.39442646672336,2.056914064329241,-12.09789026,2025W31_2A_0115_3,60888.09619,113.5826,10.692842,52.778851,50.953668,40.373832,-11.823603,0.0
32,36.44180526827269,3.082352802688597,-30.91269903,2025W31_2A_0115_3,60888.09619,113.5826,10.692842,52.778851,50.953668,40.373832,-11.823603,0.0
33,39.02868133150888,4.061037883709828,151.27968202,2025W31_2A_0115_3,60888.09619,113.5826,10.692842,52.778851,50.953668,40.373832,-11.823603,0.0
34,6.35880315,27.85828351343066,274.04349755807254,2025W27_1A_0279_1,60857.39704,113.5826,38.463663,299.763565,37.023803,14.257426,24.072006,0.0
35,4.518204491835682,27.37537344930932,171.35172784213069,2025W27_1A_0279_1,60857.39704,113.5826,38.463663,299.763565,37.023803,14.257426,24.072006,0.0
36,358.5826038827338,24.817483262535887,337.3243953194153,2025W27_1A_0279_1,60857.39704,113.5826,38.463663,299.763565,37.023803,14.257426,24.072006,0.0
37,359.20515981305067,24.48596263448415,148.57267508896675,2025W27_1A_0279_1,60857.39704,113.5826,38.463663,299.763565,37.023803,14.257426,24.072006,0.0
38,70.76004559490063,-25.76036366,131.31653755,2025W38_1A_0042_1,60933.13006,113.5826,7.075004,40.793727,39.516138,68.35443,-49.292545,0.0
39,186.50994626537323,-6.190119752,-151.2462412,2025W22_2B_0444_2,60827.05838,113.5826,-3.078104,247.815404,20.875646,193.333333,-4.554801,180.0
40,185.42564230316088,-7.838503106,-152.3563312,2025W22_2B_0444_2,60827.05838,113.5826,-3.078104,247.815404,20.875646,193.333333,-4.554801,180.0
41,185.65568230446908,-8.788570966,-171.9682424,2025W22_2B_0444_2,60827.05838,113.5826,-3.078104,247.815404,20.875646,193.333333,-4.554801,180.0
42,190.8624476922282,-9.312128975,-152.213456,2025W22_2B_0444_2,60827.05838,113.5826,-3.078104,247.815404,20.875646,193.333333,-4.554801,180.0
43,194.74203201593204,-11.88724192,219.9426003124108,2025W22_2B_0444_2,60827.05838,113.5826,-3.078104,247.815404,20.875646,193.333333,-4.554801,180.0
44,195.8578445141933,-10.14219221,-147.4513237,2025W22_2B_0444_2,60827.05838,113.5826,-3.078104,247.815404,20.875646,193.333333,-4.554801,180.0
45,290.9940652773553,-31.87920767,185.79777157107873,2025W38_1A_0282_4,60933.98874,113.5826,-56.887833,260.320469,15.184118,283.333333,-10.777336,180.0
46,259.31858919906045,66.41699041157327,144.72507807,2025W18_1B_0397_4,60796.1313,113.5826,79.549593,271.497037,83.460719,174.031695,86.289863,109.363508
47,252.9419622696969,63.57055023577984,-141.4791163,2025W18_1B_0397_4,60796.1313,113.5826,79.549593,271.497037,83.460719,174.031695,86.289863,109.363508
48,70.70975858076203,50.12577307198367,331.6977320087685,2025W36_1A_0005_3,60919.01256,113.5826,61.840894,69.055055,98.867498,72.727273,28.461607,0.0
49,66.81791653008152,51.50502488226414,147.67130967366356,2025W36_1A_0005_3,60919.01256,113.5826,61.840894,69.055055,98.867498,72.727273,28.461607,0.0
50,58.67710938811701,50.47372660586918,71.0587307,2025W36_1A_0005_3,60919.01256,113.5826,61.840894,69.055055,98.867498,72.727273,28.461607,0.0
51,75.18951427734146,-62.07182014,-19.98381958,2025W36_1A_0047_1,60919.19305,113.5826,-59.387522,32.875694,22.439828,67.468779,-85.225362,352.074203
52,271.4298253916949,65.66854023,-120.300639,2025W31_2A_0193_4,60888.52789,113.5826,40.442565,85.72103,91.892974,276.166726,86.443083,100.380833
53,16.27371177506691,0.9569387096148904,-30.22426562,2025W27_1A_0210_2,60857.05338,113.5826,17.054499,67.435932,65.962602,10.0,-3.964801,0.0
54,15.20383484044116,3.4275022828860844,151.44694999,2025W27_1A_0210_2,60857.05338,113.5826,17.054499,67.435932,65.962602,10.0,-3.964801,0.0
55,15.40800977,1.212929668081348,-29.91552133,2025W27_1A_0210_2,60857.05338,113.5826,17.054499,67.435932,65.962602,10.0,-3.964801,0.0
56,9.991549554276997,0.9317017952719382,149.10180537,2025W27_1A_0210_2,60857.05338,113.5826,17.054499,67.435932,65.962602,10.0,-3.964801,0.0
57,9.681362013260674,1.0896278732912503,-31.37034194,2025W27_1A_0210_2,60857.05338,113.5826,17.054499,67.435932,65.962602,10.0,-3.964801,0.0
58,10.693446593030606,-1.292012316,148.66813235,2025W27_1A_0210_2,60857.05338,113.5826,17.054499,67.435932,65.962602,10.0,-3.964801,0.0
59,8.314312961636794,-2.037639158,148.65590792,2025W27_1A_0210_2,60857.05338,113.5826,17.054499,67.435932,65.962602,10.0,-3.964801,0.0
60,5.899635769,-2.551190477,150.45373782000001,2025W27_1A_0210_2,60857.05338,113.5826,17.054499,67.435932,65.962602,10.0,-3.964801,0.0
61,7.957944521846879,0.8869363340440226,-33.36989903,2025W27_1A_0210_2,60857.05338,113.5826,17.054499,67.435932,65.962602,10.0,-3.964801,0.0
62,7.538881869916395,-0.41988162,145.65215423159458,2025W27_1A_0210_2,60857.05338,113.5826,17.054499,67.435932,65.962602,10.0,-3.964801,0.0
63,122.88315556911778,-77.02755143,56.1905179,2025W31_2A_0136_1,60888.21358,113.5826,-80.952735,73.436894,35.933481,240.0,-75.166018,180.0
64,123.78333292622212,-77.03593258,-74.04684492,2025W31_2A_0136_1,60888.21358,113.5826,-80.952735,73.436894,35.933481,240.0,-75.166018,180.0
65,90.69738345326832,-62.36987787,142.89809335,2025W38_1A_0061_3,60933.1892,113.5826,-39.60789,27.186208,8.970315,90.0,-85.251087,0.0
66,83.71644703,-62.28481995,-30.27347436,2025W38_1A_0061_3,60933.1892,113.5826,-39.60789,27.186208,8.970315,90.0,-85.251087,0.0
67,145.1451211507919,-74.92529124,125.64629404,2025W31_2A_0174_3,60888.42125,113.5826,-64.167417,313.999929,3.174588,212.307692,-73.199351,180.0
68,63.011536360672416,51.44704030266504,-177.2338451,2025W36_1A_0005_4,60919.01406,113.5826,69.935464,61.104335,94.029443,72.727273,28.658274,0.0
69,247.7532181035513,10.452100178979256,22.203435703024564,2025W31_2A_0155_2,60888.32829,113.5826,18.147204,153.336242,115.896105,247.5,31.671208,180.0
70,249.41305158079948,8.963574006678806,11.311051788926353,2025W31_2A_0155_2,60888.32829,113.5826,18.147204,153.336242,115.896105,247.5,31.671208,180.0
71,249.44782768919464,9.083326759064674,31.45761577,2025W31_2A_0155_2,60888.32829,113.5826,18.147204,153.336242,115.896105,247.5,31.671208,180.0
72,162.55170178804866,14.584807021653337,236.19456661087506,2025W18_1B_0399_2,60796.14224,113.5826,25.118199,222.029348,57.883277,160.0,7.764402,180.0
73,164.4158998451365,13.707268986131846,20.487922800000007,2025W18_1B_0399_2,60796.14224,113.5826,25.118199,222.029348,57.883277,160.0,7.764402,180.0
74,169.63314749358827,13.716570846904188,222.80689984404478,2025W18_1B_0399_2,60796.14224,113.5826,25.118199,222.029348,57.883277,160.0,7.764402,180.0
75,278.4519416710049,67.42502680124724,-77.96345406,2025W27_1A_0318_1,60857.60962,113.5826,80.627255,171.738601,101.676495,293.544967,85.698685,54.442028
76,272.1796507115678,64.40113930041645,97.40522509,2025W27_1A_0318_1,60857.60962,113.5826,80.627255,171.738601,101.676495,293.544967,85.698685,54.442028
77,33.01518768244644,56.254020881307845,158.98843160811498,2025W38_1A_0067_1,60933.21094,113.5826,73.520216,344.48087,72.176864,57.931034,40.12001,0.0
78,22.97825732696001,65.47057797845082,125.3713699751229,2025W31_2A_0130_3,60888.17872,113.5826,81.959754,302.520594,79.246775,45.56962,49.292545,0.0
79,8.499710491140672,57.348524885362366,115.92964596,2025W31_2A_0130_3,60888.17872,113.5826,81.959754,302.520594,79.246775,45.56962,49.292545,0.0
80,10.34905671,59.63723317678176,138.77890829,2025W31_2A_0130_3,60888.17872,113.5826,81.959754,302.520594,79.246775,45.56962,49.292545,0.0
81,271.9000018172447,66.48235185224716,128.06289108053755,2025W27_1A_0254_2,60857.27182,113.5826,80.47538,227.714211,87.999839,53.593081,86.255754,290.694793
82,256.7856925193187,72.42493628501782,133.35268399920432,2025W31_2A_0119_1,60888.11543,113.5826,64.721744,244.520973,81.89259,117.001348,86.441738,259.585421
83,163.37168418433902,28.247539524010143,38.94727507179987,2025W18_1B_0409_1,60796.20581,113.5826,47.499333,204.133577,85.076249,157.714286,20.799472,180.0
84,171.2726190496949,25.989453626467604,-161.9413896,2025W18_1B_0409_1,60796.20581,113.5826,47.499333,204.133577,85.076249,157.714286,20.799472,180.0
85,75.60809132,-8.240658698,354.3973661,2025W36_1A_0003_1,60919.00519,113.5826,23.258516,83.420297,82.068426,69.090909,-30.624941,0.0
86,71.09665195787342,-7.639584847,161.4626257719602,2025W36_1A_0003_1,60919.00519,113.5826,23.258516,83.420297,82.068426,69.090909,-30.624941,0.0
87,70.72581635743742,-7.71717929,-23.21553596,2025W36_1A_0003_1,60919.00519,113.5826,23.258516,83.420297,82.068426,69.090909,-30.624941,0.0
88,73.29919009949373,-9.154194776,133.77582571,2025W36_1A_0003_1,60919.00519,113.5826,23.258516,83.420297,82.068426,69.090909,-30.624941,0.0
89,276.8200463627573,-85.56038766,312.05063003748205,2025W36_1A_0060_2,60919.25646,113.5826,-80.102184,49.677257,31.175696,270.0,-62.524282,180.0
90,255.10900992792224,-85.59294064,52.11274746690948,2025W36_1A_0060_2,60919.25646,113.5826,-80.102184,49.677257,31.175696,270.0,-62.524282,180.0
91,252.7184854982918,-85.37189018,326.72227358389046,2025W36_1A_0060_2,60919.25646,113.5826,-80.102184,49.677257,31.175696,270.0,-62.524282,180.0
92,255.8741846847032,-84.31300331,64.14303727574196,2025W36_1A_0060_2,60919.25646,113.5826,-80.102184,49.677257,31.175696,270.0,-62.524282,180.0
93,247.0572211350107,-5.727998784,-158.2429508,2025W31_2A_0195_1,60888.53425,113.5826,6.40198,77.441048,65.489624,251.320755,15.22987,180.0
94,247.8289464209741,-7.799013521,210.40332312523202,2025W31_2A_0195_1,60888.53425,113.5826,6.40198,77.441048,65.489624,251.320755,15.22987,180.0
95,246.79264203373523,-4.957737996,224.80452266967546,2025W31_2A_0195_1,60888.53425,113.5826,6.40198,77.441048,65.489624,251.320755,15.22987,180.0
96,253.05728976332333,-7.397502258,32.15595616883954,2025W31_2A_0195_1,60888.53425,113.5826,6.40198,77.441048,65.489624,251.320755,15.22987,180.0
97,253.06282210865425,-6.007437649,-164.844475,2025W31_2A_0195_1,60888.53425,113.5826,6.40198,77.441048,65.489624,251.320755,15.22987,180.0
98,253.54293492697835,-6.110660681,-147.427079,2025W31_2A_0195_1,60888.53425,113.5826,6.40198,77.441048,65.489624,251.320755,15.22987,180.0
99,251.8808723035191,-5.78421199,-161.2613978,2025W31_2A_0195_1,60888.53425,113.5826,6.40198,77.441048,65.489624,251.320755,15.22987,180.0
100,256.64050679942625,-6.886839089,-138.8688173,2025W31_2A_0195_1,60888.53425,113.5826,6.40198,77.441048,65.489624,251.320755,15.22987,180.0
101,256.61928541136854,-6.193369451,30.96775489999999,2025W31_2A_0195_1,60888.53425,113.5826,6.40198,77.441048,65.489624,251.320755,15.22987,180.0
102,256.43564414618186,-6.110809029,31.407284199999992,2025W31_2A_0195_1,60888.53425,113.5826,6.40198,77.441048,65.489624,251.320755,15.22987,180.0
103,255.6445837662513,-6.053252846,-150.5979821,2025W31_2A_0195_1,60888.53425,113.5826,6.40198,77.441048,65.489624,251.320755,15.22987,180.0
104,254.3920639534432,-7.439963325,-150.3491684,2025W31_2A_0195_1,60888.53425,113.5826,6.40198,77.441048,65.489624,251.320755,15.22987,180.0
105,256.5333679146735,-7.720186124,29.663985300000007,2025W31_2A_0195_1,60888.53425,113.5826,6.40198,77.441048,65.489624,251.320755,15.22987,180.0
106,257.1917272306591,-9.481283123,39.561549299999996,2025W31_2A_0195_1,60888.53425,113.5826,6.40198,77.441048,65.489624,251.320755,15.22987,180.0
107,252.1613581954645,71.52197946970679,340.2147015968642,2025W38_1A_0006_1,60933.01164,113.5826,77.8325,304.88918,76.387184,115.161924,85.326036,311.45991
108,40.22046023654886,22.463260387862988,-62.02476003,2025W31_2A_0151_3,60888.30685,113.5826,46.599496,329.951589,42.01063,40.0,5.994401,0.0
109,37.70168044414304,19.56143585148981,-14.30549421,2025W31_2A_0151_3,60888.30685,113.5826,46.599496,329.951589,42.01063,40.0,5.994401,0.0
110,33.26240540156678,18.436373616320694,-10.56640609,2025W31_2A_0151_3,60888.30685,113.5826,46.599496,329.951589,42.01063,40.0,5.994401,0.0
111,85.64747679140986,-56.11295831,123.68802889580805,2025W31_2A_0099_4,60888.01756,113.5826,-44.392487,90.4114,60.083275,64.85466,-80.021895,19.111378
112,87.37954187196456,-60.49372887,138.69266473,2025W38_1A_0100_3,60933.32224,113.5826,-53.828036,343.654727,0.430841,47.011723,-81.526469,319.114175
113,87.05903781939763,-56.57874388,-55.25047347,2025W31_2A_0113_1,60888.07974,113.5826,-73.970363,89.335053,44.980417,51.428571,-81.191886,0.0
114,18.317992383892733,48.27066785984854,143.78237991999998,2025W31_2A_0178_1,60888.44527,113.5826,59.866683,274.680125,64.679245,44.0,37.697076,0.0
115,226.0525663,30.94461716238536,235.3769392773562,2025W27_1A_0214_3,60857.07775,113.5826,32.357907,246.144529,50.884753,218.734177,46.735878,180.0
116,234.7207011165716,27.65356013157781,209.60956587164637,2025W27_1A_0214_3,60857.07775,113.5826,32.357907,246.144529,50.884753,218.734177,46.735878,180.0
117,189.53893453010048,-38.84752314,-165.1704136,2025W27_1A_0298_4,60857.5036,113.5826,-62.264255,72.388461,41.722534,210.0,-32.851208,180.0
118,188.02028660108888,-40.51584572,213.14999606344088,2025W27_1A_0298_4,60857.5036,113.5826,-62.264255,72.388461,41.722534,210.0,-32.851208,180.0
119,193.29566952690715,-40.65205859,159.03072547626027,2025W27_1A_0298_4,60857.5036,113.5826,-62.264255,72.388461,41.722534,210.0,-32.851208,180.0
120,193.8894738652453,-41.21282955,-144.09048,2025W27_1A_0298_4,60857.5036,113.5826,-62.264255,72.388461,41.722534,210.0,-32.851208,180.0
121,224.7103529174278,8.301620675,244.35477038347685,2025W27_1A_0256_1,60857.28413,113.5826,19.472676,169.645881,100.570528,220.194175,23.222406,180.0
122,225.9233126385496,5.859229150606155,223.05889772399394,2025W27_1A_0256_1,60857.28413,113.5826,19.472676,169.645881,100.570528,220.194175,23.222406,180.0
123,71.72763942440479,-60.33889825,5.790331784433938,2025W36_1A_0062_1,60919.26273,113.5826,-50.398992,3.852998,2.861204,35.281683,-83.017335,307.49224
124,69.28109295587554,-59.84690918,-21.45952391,2025W36_1A_0062_1,60919.26273,113.5826,-50.398992,3.852998,2.861204,35.281683,-83.017335,307.49224
125,87.47884526682999,-57.13993021,132.64255003,2025W31_2A_0099_3,60888.01607,113.5826,-52.755003,93.724702,58.23833,65.236635,-80.207564,19.481111
126,35.63518888518462,20.94689469274344,8.175104099999999,2025W31_2A_0151_4,60888.30834,113.5826,54.992065,326.35398,48.510943,40.0,6.191068,0.0
127,34.28155451845069,18.709105707383817,149.47496898,2025W31_2A_0151_4,60888.30834,113.5826,54.992065,326.35398,48.510943,40.0,6.191068,0.0
128,190.65818797520188,-39.6113176,3.2178427999999997,2025W27_1A_0298_3,60857.50211,113.5826,-55.174416,76.715459,46.472633,210.0,-32.654541,180.0
129,188.97113344498544,-40.53433128,-164.689675,2025W27_1A_0298_3,60857.50211,113.5826,-55.174416,76.715459,46.472633,210.0,-32.654541,180.0
130,192.63572926444664,-40.45510364,39.384012993057866,2025W27_1A_0298_3,60857.50211,113.5826,-55.174416,76.715459,46.472633,210.0,-32.654541,180.0
131,193.7120794776581,-40.44585674,-149.4843771,2025W27_1A_0298_3,60857.50211,113.5826,-55.174416,76.715459,46.472633,210.0,-32.654541,180.0
132,193.20992444329505,-42.49287315,21.571754999999996,2025W27_1A_0298_3,60857.50211,113.5826,-55.174416,76.715459,46.472633,210.0,-32.654541,180.0
133,85.04731794948431,-16.6598648,359.96922523887577,2025W38_1A_0082_2,60933.26347,113.5826,-6.135609,354.650728,9.099907,88.0,-39.270409,0.0
134,192.8036641431148,-10.35689275,-172.8654404,2025W22_2B_0444_4,60827.06136,113.5826,-18.833362,244.429349,19.349358,193.333333,-4.948135,180.0
135,188.57408127661765,-8.442793359,12.78481020000001,2025W22_2B_0444_4,60827.06136,113.5826,-18.833362,244.429349,19.349358,193.333333,-4.948135,180.0
136,185.00523770988747,-9.04748106,-158.5261728,2025W22_2B_0444_4,60827.06136,113.5826,-18.833362,244.429349,19.349358,193.333333,-4.948135,180.0
137,16.05944729069902,1.811470834210951,-27.68774945,2025W27_1A_0210_3,60857.05487,113.5826,25.540158,65.480012,69.652829,10.0,-3.768134,0.0
138,10.800542295251006,-0.380151296,147.1963043,2025W27_1A_0210_3,60857.05487,113.5826,25.540158,65.480012,69.652829,10.0,-3.768134,0.0
139,10.490090336109969,-0.217697185,-32.16601997,2025W27_1A_0210_3,60857.05487,113.5826,25.540158,65.480012,69.652829,10.0,-3.768134,0.0
140,10.005363672630404,0.6614943277505163,-33.01219515,2025W27_1A_0210_3,60857.05487,113.5826,25.540158,65.480012,69.652829,10.0,-3.768134,0.0
141,10.469680912197282,1.810334021806364,-31.5051535,2025W27_1A_0210_3,60857.05487,113.5826,25.540158,65.480012,69.652829,10.0,-3.768134,0.0
142,8.374363568589333,-0.557893163,-26.35794501,2025W27_1A_0210_3,60857.05487,113.5826,25.540158,65.480012,69.652829,10.0,-3.768134,0.0
143,8.381736588156944,0.2184754851070587,-32.91757921,2025W27_1A_0210_3,60857.05487,113.5826,25.540158,65.480012,69.652829,10.0,-3.768134,0.0
144,6.058267166042737,-0.333890996,-34.20796604,2025W27_1A_0210_3,60857.05487,113.5826,25.540158,65.480012,69.652829,10.0,-3.768134,0.0
145,4.970584715904364,29.661963892245065,5.423924499999998,2025W27_1A_0252_1,60857.2627,113.5826,46.799216,345.910789,48.007691,14.257426,25.448673,0.0
146,5.337103292448472,29.465660965020696,94.90298460622468,2025W27_1A_0252_1,60857.2627,113.5826,46.799216,345.910789,48.007691,14.257426,25.448673,0.0
147,290.60913364447947,68.78561171092166,-5.139833199,2025W38_1A_0069_1,60933.21542,113.5826,78.088991,232.671915,88.555176,47.780914,85.808171,56.61798
148,251.88385528736555,10.162099206869234,205.37856770086364,2025W31_2A_0155_3,60888.32978,113.5826,9.624573,151.484144,116.528391,247.5,31.474541,180.0
149,236.29429301759976,57.222968187186325,36.56765569999999,2025W27_1A_0239_1,60857.20815,113.5826,61.069895,208.804085,94.253279,203.076923,73.002684,180.0
150,239.12902403478893,56.7274189,45.51257670000001,2025W27_1A_0239_1,60857.20815,113.5826,61.069895,208.804085,94.253279,203.076923,73.002684,180.0
151,81.72196899826916,-60.4528414,-25.72903037,2025W38_1A_0061_2,60933.1877,113.5826,-46.834298,29.61631,14.678036,90.0,-85.447754,0.0
152,87.84894012686549,-53.69315386,-90.97695951,2025W38_1A_0040_3,60933.12434,113.5826,-23.346819,47.332928,29.228578,98.181818,-76.802285,0.0
153,32.355541070756736,28.28915717724937,-26.0387729,2025W31_2A_0117_1,60888.10177,113.5826,40.990706,45.22801,72.840109,40.754717,15.22987,0.0
154,186.11263174901487,-6.476459409,-155.4206121,2025W22_2B_0444_3,60827.05987,113.5826,-11.564562,246.023325,19.349358,193.333333,-4.751468,180.0
155,185.9346934590719,-6.644342043,-173.9283887,2025W22_2B_0444_3,60827.05987,113.5826,-11.564562,246.023325,19.349358,193.333333,-4.751468,180.0
156,187.1141131945741,-7.316092174,111.58635692535566,2025W22_2B_0444_3,60827.05987,113.5826,-11.564562,246.023325,19.349358,193.333333,-4.751468,180.0
157,191.3537915230597,-8.332963391,24.996273599999995,2025W22_2B_0444_3,60827.05987,113.5826,-11.564562,246.023325,19.349358,193.333333,-4.751468,180.0
158,12.798380994999762,2.5235218000951103,150.23846220000001,2025W27_1A_0210_4,60857.05637,113.5826,32.802798,63.640411,74.334112,10.0,-3.571468,0.0
159,11.184552295522364,0.6877779199950257,147.17053337,2025W27_1A_0210_4,60857.05637,113.5826,32.802798,63.640411,74.334112,10.0,-3.571468,0.0
160,10.685767160663456,-0.385310934,145.99664599,2025W27_1A_0210_4,60857.05637,113.5826,32.802798,63.640411,74.334112,10.0,-3.571468,0.0
161,9.226004639079203,0.8891536495082428,184.3144622429232,2025W27_1A_0210_4,60857.05637,113.5826,32.802798,63.640411,74.334112,10.0,-3.571468,0.0
162,11.554269750740728,2.620200230334265,147.99236269,2025W27_1A_0210_4,60857.05637,113.5826,32.802798,63.640411,74.334112,10.0,-3.571468,0.0
163,7.737961561227603,-1.300463886,146.43716108,2025W27_1A_0210_4,60857.05637,113.5826,32.802798,63.640411,74.334112,10.0,-3.571468,0.0
164,6.755802951580911,-1.353157063,142.94775557,2025W27_1A_0210_4,60857.05637,113.5826,32.802798,63.640411,74.334112,10.0,-3.571468,0.0
165,7.510964311847205,0.02251375,144.75006042,2025W27_1A_0210_4,60857.05637,113.5826,32.802798,63.640411,74.334112,10.0,-3.571468,0.0
166,160.12497736898223,45.36631738080116,108.06915195710197,2025W18_1B_0378_1,60796.00098,113.5826,52.927581,279.769011,58.153472,147.096774,35.274142,180.0
167,160.3872785825222,44.95100288754498,44.08392897787933,2025W18_1B_0378_1,60796.00098,113.5826,52.927581,279.769011,58.153472,147.096774,35.274142,180.0
168,161.38038874002945,44.62246054369582,77.62507129057504,2025W18_1B_0378_1,60796.00098,113.5826,52.927581,279.769011,58.153472,147.096774,35.274142,180.0
169,162.22162013783728,47.71286591,-135.1040066,2025W18_1B_0378_1,60796.00098,113.5826,52.927581,279.769011,58.153472,147.096774,35.274142,180.0
170,166.2013573214601,45.90678697,44.144711400000006,2025W18_1B_0378_1,60796.00098,113.5826,52.927581,279.769011,58.153472,147.096774,35.274142,180.0
171,166.02091133903102,45.95178143320018,81.81743694,2025W18_1B_0378_1,60796.00098,113.5826,52.927581,279.769011,58.153472,147.096774,35.274142,180.0
172,87.72047881202947,-51.99558333,-22.84837955,2025W38_1A_0040_4,60933.12583,113.5826,-16.055568,45.678731,29.735856,98.181818,-76.605618,0.0
173,72.80448283988198,50.35696130315944,-50.89506503,2025W36_1A_0005_2,60919.01107,113.5826,54.715247,73.301794,99.723583,72.727273,28.26494,0.0
174,208.2230604774364,-11.7366475,12.002527049006252,2025W27_1A_0271_3,60857.35864,113.5826,-15.238421,137.792486,103.703239,213.333333,-1.6048,180.0
175,211.39211539604835,-15.61745654,231.340525573506,2025W27_1A_0271_3,60857.35864,113.5826,-15.238421,137.792486,103.703239,213.333333,-1.6048,180.0
176,213.8004827126329,-16.43094869,14.51773967212634,2025W27_1A_0271_3,60857.35864,113.5826,-15.238421,137.792486,103.703239,213.333333,-1.6048,180.0
177,315.0136507986061,-5.504471286,-30.9503572,2025W18_1B_0395_1,60796.11307,113.5826,-0.419413,48.828103,40.485531,313.333333,9.597336,0.0
178,314.8399849434897,-8.037235614,-28.62112748,2025W18_1B_0395_1,60796.11307,113.5826,-0.419413,48.828103,40.485531,313.333333,9.597336,0.0
179,311.7144084722917,-6.612714816,149.36403039,2025W18_1B_0395_1,60796.11307,113.5826,-0.419413,48.828103,40.485531,313.333333,9.597336,0.0
180,310.4696517752974,-7.054998933,151.45105746000002,2025W18_1B_0395_1,60796.11307,113.5826,-0.419413,48.828103,40.485531,313.333333,9.597336,0.0
181,50.05239931139708,-44.22982789,112.8020762,2025W27_1A_0233_1,60857.17672,113.5826,-48.238117,34.489705,17.632605,16.615385,-59.511348,0.0
182,44.58339607226315,-45.60944936,117.09165324,2025W27_1A_0233_1,60857.17672,113.5826,-48.238117,34.489705,17.632605,16.615385,-59.511348,0.0
183,247.00779048713355,-34.94747445,169.07476752005778,2025W31_2A_0134_3,60888.2032,113.5826,-38.806811,189.2487,64.208319,245.607477,-13.79027,180.0
184,204.19187841123625,-24.92267206,198.13635625030665,2025W27_1A_0258_1,60857.29129,113.5826,-18.226418,161.58689,93.54626,210.566038,-15.426537,180.0
185,208.5543482205394,-27.17141258,11.186001207699611,2025W27_1A_0258_1,60857.29129,113.5826,-18.226418,161.58689,93.54626,210.566038,-15.426537,180.0
186,44.18923421327513,3.112274659,142.66789874697326,2025W31_2A_0115_2,60888.0947,113.5826,3.411168,54.314421,46.569056,40.373832,-12.02027,0.0
187,46.52170815522003,3.543622443448687,-27.96200778,2025W31_2A_0115_2,60888.0947,113.5826,3.411168,54.314421,46.569056,40.373832,-12.02027,0.0
188,41.45242101612028,4.088891984504032,159.30687176,2025W31_2A_0115_2,60888.0947,113.5826,3.411168,54.314421,46.569056,40.373832,-12.02027,0.0
189,37.74533023688389,0.9147882230642148,-30.7730977,2025W31_2A_0115_2,60888.0947,113.5826,3.411168,54.314421,46.569056,40.373832,-12.02027,0.0
190,39.03220341700033,4.117174705868345,151.09073368,2025W31_2A_0115_2,60888.0947,113.5826,3.411168,54.314421,46.569056,40.373832,-12.02027,0.0
191,35.96071214804586,44.84793556784521,164.97703741,2025W31_2A_0191_1,60888.51287,113.5826,58.148455,251.283845,71.665432,43.636364,29.44494,0.0
192,29.486158339357488,42.81059891088769,-67.52827833,2025W31_2A_0191_1,60888.51287,113.5826,58.148455,251.283845,71.665432,43.636364,29.44494,0.0
193,285.5224450193438,-56.3780703,166.93417934659297,2025W36_1A_0045_3,60919.18264,113.5826,-63.510862,186.644593,48.164977,274.83871,-35.077475,180.0
194,240.7567267352716,-34.92945043,14.706114388469596,2025W31_2A_0134_4,60888.2047,113.5826,-46.026401,186.871135,60.253042,245.607477,-13.986937,180.0
195,69.80826673235116,-51.04866323,147.84441810645296,2025W31_2A_0199_2,60888.56263,113.5826,-36.71407,252.362231,16.01216,46.153846,-72.806017,0.0
196,74.46115172443736,0.5839223634962959,144.57343114,2025W36_1A_0064_2,60919.27618,113.5826,19.923429,346.375522,26.256659,73.398058,-22.632405,0.0
197,70.51954999,-1.647630143,-30.24066626,2025W36_1A_0064_2,60919.27618,113.5826,19.923429,346.375522,26.256659,73.398058,-22.632405,0.0
198,87.43581526799167,-56.66578586,-62.76739008,2025W31_2A_0099_2,60888.01458,113.5826,-59.850842,97.557077,54.693216,65.624626,-80.391373,19.873766
199,82.54307800554632,-58.83396544,131.07643897,2025W31_2A_0099_2,60888.01458,113.5826,-59.850842,97.557077,54.693216,65.624626,-80.391373,19.873766
200,82.53311967515106,-58.66665743,11.186436200000003,2025W31_2A_0099_2,60888.01458,113.5826,-59.850842,97.557077,54.693216,65.624626,-80.391373,19.873766
201,85.67933847071082,-14.60914552,-26.5689152,2025W38_1A_0082_3,60933.26496,113.5826,2.388559,352.871223,14.725381,88.0,-39.073743,0.0
202,85.52744331325519,-14.73423705,-178.4268985,2025W38_1A_0082_3,60933.26496,113.5826,2.388559,352.871223,14.725381,88.0,-39.073743,0.0
203,84.40496177532768,-14.67552232,-179.8210651,2025W38_1A_0082_3,60933.26496,113.5826,2.388559,352.871223,14.725381,88.0,-39.073743,0.0
204,350.10658826548485,-55.36340486,80.64283516,2025W18_1B_0393_4,60796.10424,113.5826,-46.394395,60.378464,36.197018,316.626506,-45.296278,0.0
205,344.0507232408462,-57.68749695,178.74361043905196,2025W18_1B_0393_4,60796.10424,113.5826,-46.394395,60.378464,36.197018,316.626506,-45.296278,0.0
206,334.5308376279776,-60.86259264,131.75110092,2025W18_1B_0393_4,60796.10424,113.5826,-46.394395,60.378464,36.197018,316.626506,-45.296278,0.0
207,218.23973289686688,-69.95939649,250.34229779999998,2025W31_2A_0197_3,60888.55063,113.5826,-77.671848,30.841393,29.421726,244.8,-50.338812,180.0
208,218.42862117261333,-67.6592286,-137.4646485,2025W31_2A_0197_3,60888.55063,113.5826,-77.671848,30.841393,29.421726,244.8,-50.338812,180.0
209,241.8512998805748,-24.53317791,355.52681799797375,2025W31_2A_0170_3,60888.40528,113.5826,-29.935357,118.337637,83.274353,250.0,-2.194801,180.0
210,253.6696484816102,-24.07163257,349.18672967875216,2025W31_2A_0170_3,60888.40528,113.5826,-29.935357,118.337637,83.274353,250.0,-2.194801,180.0
211,16.23544406617623,75.69729002557499,122.95629897,2025W38_1A_0027_1,60933.07685,113.5826,80.702065,2.277045,82.979168,72.0,59.377614,0.0
212,22.792819850722097,77.87228319206767,-51.96654605,2025W38_1A_0027_1,60933.07685,113.5826,80.702065,2.277045,82.979168,72.0,59.377614,0.0
213,348.5893232805431,-55.66601932,-100.0127176,2025W18_1B_0393_3,60796.10275,113.5826,-53.557813,63.352527,39.467843,316.626506,-45.492944,0.0
214,348.8549548966208,-56.62373943,-114.3362933,2025W18_1B_0393_3,60796.10275,113.5826,-53.557813,63.352527,39.467843,316.626506,-45.492944,0.0
215,233.65209301512647,29.20882717061082,280.840033425328,2025W27_1A_0214_2,60857.07626,113.5826,40.826269,248.584016,57.499254,218.734177,46.932545,180.0
216,166.90641252013583,-67.74560001,34.11669789999999,2025W31_2A_0159_1,60888.3492,113.5826,-81.791597,39.100356,27.040756,209.454545,-63.177215,180.0
217,331.8962222111372,-84.45726337,-14.35719064,2025W36_1A_0060_3,60919.25795,113.5826,-74.5949,26.383518,24.073548,270.0,-62.720948,180.0
218,332.5529336627674,-84.38479775,277.84414712276856,2025W36_1A_0060_3,60919.25795,113.5826,-74.5949,26.383518,24.073548,270.0,-62.720948,180.0
219,161.42418530631457,16.59480250884286,13.128124200000002,2025W18_1B_0399_4,60796.14523,113.5826,9.326694,218.50264,51.984796,160.0,7.371068,180.0
220,164.46353359907067,14.68191157494772,102.51150856167185,2025W18_1B_0399_4,60796.14523,113.5826,9.326694,218.50264,51.984796,160.0,7.371068,180.0
221,167.40543798673437,12.828991419157129,264.28668350207477,2025W18_1B_0399_4,60796.14523,113.5826,9.326694,218.50264,51.984796,160.0,7.371068,180.0
222,167.7333498,14.176189488657457,38.6811429,2025W18_1B_0399_4,60796.14523,113.5826,9.326694,218.50264,51.984796,160.0,7.371068,180.0
223,120.13376821675078,-33.34775505,-174.1993791,2025W18_1B_0401_4,60796.15873,113.5826,-61.736168,197.19038,46.534673,134.4,-51.322146,180.0
224,125.68314400341782,-34.61220223,2.087405899999993,2025W18_1B_0401_4,60796.15873,113.5826,-61.736168,197.19038,46.534673,134.4,-51.322146,180.0
225,77.76842525212683,-1.84791105,152.13942442,2025W36_1A_0049_1,60919.20647,113.5826,10.708508,12.849319,31.080241,73.398058,-23.615739,0.0
226,76.92962429664536,0.5116626765586035,333.08949188561894,2025W36_1A_0049_1,60919.20647,113.5826,10.708508,12.849319,31.080241,73.398058,-23.615739,0.0
227,80.31649719188283,-1.969812232,-27.10348854,2025W36_1A_0049_1,60919.20647,113.5826,10.708508,12.849319,31.080241,73.398058,-23.615739,0.0
228,80.20496054188925,-1.952293196,152.87417595,2025W36_1A_0049_1,60919.20647,113.5826,10.708508,12.849319,31.080241,73.398058,-23.615739,0.0
229,79.74984853813176,-1.995211418,-27.6361348,2025W36_1A_0049_1,60919.20647,113.5826,10.708508,12.849319,31.080241,73.398058,-23.615739,0.0
230,78.29257648446107,-2.238199799,152.44974785,2025W36_1A_0049_1,60919.20647,113.5826,10.708508,12.849319,31.080241,73.398058,-23.615739,0.0
231,78.19682211418899,-2.244353497,-28.44796183,2025W36_1A_0049_1,60919.20647,113.5826,10.708508,12.849319,31.080241,73.398058,-23.615739,0.0
232,77.07051240700481,-2.503311709,-29.48803987,2025W36_1A_0049_1,60919.20647,113.5826,10.708508,12.849319,31.080241,73.398058,-23.615739,0.0
233,79.47917562882493,0.1533116617744702,166.57897023,2025W36_1A_0049_1,60919.20647,113.5826,10.708508,12.849319,31.080241,73.398058,-23.615739,0.0
234,76.16921965907927,-2.051572964,151.74469361,2025W36_1A_0049_1,60919.20647,113.5826,10.708508,12.849319,31.080241,73.398058,-23.615739,0.0
235,75.12695476,-1.007958472,149.98939897,2025W36_1A_0049_1,60919.20647,113.5826,10.708508,12.849319,31.080241,73.398058,-23.615739,0.0
236,75.82627568,-2.40459679,-19.87544488,2025W36_1A_0049_1,60919.20647,113.5826,10.708508,12.849319,31.080241,73.398058,-23.615739,0.0
237,75.4018647,-2.142357128,-28.53965534,2025W36_1A_0049_1,60919.20647,113.5826,10.708508,12.849319,31.080241,73.398058,-23.615739,0.0
238,75.28479444706319,-2.065151476,-28.36949516,2025W36_1A_0049_1,60919.20647,113.5826,10.708508,12.849319,31.080241,73.398058,-23.615739,0.0
239,74.66116619096358,-1.027488092,150.95525652,2025W36_1A_0049_1,60919.20647,113.5826,10.708508,12.849319,31.080241,73.398058,-23.615739,0.0
240,75.26008295907981,-2.155917593,151.78608354,2025W36_1A_0049_1,60919.20647,113.5826,10.708508,12.849319,31.080241,73.398058,-23.615739,0.0
241,75.21108426686767,-2.163175662,151.53223845,2025W36_1A_0049_1,60919.20647,113.5826,10.708508,12.849319,31.080241,73.398058,-23.615739,0.0
242,74.29638546149323,-1.198745056,-27.71082344,2025W36_1A_0049_1,60919.20647,113.5826,10.708508,12.849319,31.080241,73.398058,-23.615739,0.0
243,73.93415083203796,-1.369690188,149.87047591,2025W36_1A_0049_1,60919.20647,113.5826,10.708508,12.849319,31.080241,73.398058,-23.615739,0.0
244,70.21102640521846,-2.630491245,-29.40659841,2025W36_1A_0049_1,60919.20647,113.5826,10.708508,12.849319,31.080241,73.398058,-23.615739,0.0
245,71.32808649303566,-2.775393494,-30.31801322,2025W36_1A_0049_1,60919.20647,113.5826,10.708508,12.849319,31.080241,73.398058,-23.615739,0.0
246,71.49426885,-2.283879086,150.41478181,2025W36_1A_0049_1,60919.20647,113.5826,10.708508,12.849319,31.080241,73.398058,-23.615739,0.0
247,72.55723008175488,-1.976754638,150.38537822,2025W36_1A_0049_1,60919.20647,113.5826,10.708508,12.849319,31.080241,73.398058,-23.615739,0.0
248,275.92090978603704,67.91711491360047,286.14474136445574,2025W27_1A_0254_4,60857.2748,113.5826,67.418135,189.799859,101.195297,59.398046,86.377074,284.901847
249,270.5338449,66.48930582309602,275.63194692224863,2025W27_1A_0254_4,60857.2748,113.5826,67.418135,189.799859,101.195297,59.398046,86.377074,284.901847
250,195.2017549114247,-30.77562553,10.246109600000011,2025W27_1A_0310_4,60857.57077,113.5826,-59.362867,49.904592,33.957727,209.708738,-23.222406,180.0
251,278.90006299295646,64.53444569469443,80.37695366,2025W31_2A_0153_1,60888.31759,113.5826,73.037308,181.841556,99.384851,320.045129,85.806397,56.592571
252,120.2110327878891,-31.9154482,-160.7202591,2025W18_1B_0401_3,60796.15724,113.5826,-53.481019,201.965085,49.446365,134.4,-51.125479,180.0
253,164.2443758305108,15.708546558952111,-124.6416401,2025W18_1B_0399_3,60796.14373,113.5826,16.616424,220.078554,54.802284,160.0,7.567735,180.0
254,165.01415122049102,15.32901820318118,-161.3809335,2025W18_1B_0399_3,60796.14373,113.5826,16.616424,220.078554,54.802284,160.0,7.567735,180.0
255,165.9952451132577,14.64676236551758,211.70650880947136,2025W18_1B_0399_3,60796.14373,113.5826,16.616424,220.078554,54.802284,160.0,7.567735,180.0
256,166.34604709154712,12.493429557272364,218.3577826,2025W18_1B_0399_3,60796.14373,113.5826,16.616424,220.078554,54.802284,160.0,7.567735,180.0
257,168.40156355976984,13.025338310042216,30.61623788452923,2025W18_1B_0399_3,60796.14373,113.5826,16.616424,220.078554,54.802284,160.0,7.567735,180.0
258,71.13494681257899,53.12872531194298,141.53970809999998,2025W38_1A_0046_1,60933.137,113.5826,43.526747,31.653548,69.005366,71.25,30.491207,0.0
259,9.026552818325245,57.37011387464593,135.14497218,2025W31_2A_0130_2,60888.17723,113.5826,78.373793,342.205725,77.426201,45.56962,49.095878,0.0
260,8.491783634517734,60.66961351543237,317.6173634927753,2025W31_2A_0130_2,60888.17723,113.5826,78.373793,342.205725,77.426201,45.56962,49.095878,0.0
261,212.17637417970712,-8.477497852,-148.6169087,2025W27_1A_0216_1,60857.08347,113.5826,3.199072,239.509402,30.740876,216.666667,3.178134,180.0
262,213.2433906,-9.60696091,-149.1425575,2025W27_1A_0216_1,60857.08347,113.5826,3.199072,239.509402,30.740876,216.666667,3.178134,180.0
263,212.61662963067704,-9.634679485,30.79992709999999,2025W27_1A_0216_1,60857.08347,113.5826,3.199072,239.509402,30.740876,216.666667,3.178134,180.0
264,214.2745152726136,-10.58763144,-146.4634248,2025W27_1A_0216_1,60857.08347,113.5826,3.199072,239.509402,30.740876,216.666667,3.178134,180.0
265,213.91404397447928,-11.45451687,-143.8943622,2025W27_1A_0216_1,60857.08347,113.5826,3.199072,239.509402,30.740876,216.666667,3.178134,180.0
266,216.8738719055815,-10.29273169,13.516555899999986,2025W27_1A_0216_1,60857.08347,113.5826,3.199072,239.509402,30.740876,216.666667,3.178134,180.0
267,219.0237575667333,-11.5323054,30.897878200000008,2025W27_1A_0216_1,60857.08347,113.5826,3.199072,239.509402,30.740876,216.666667,3.178134,180.0
268,217.40765062596523,-13.06257881,30.351311100000004,2025W27_1A_0216_1,60857.08347,113.5826,3.199072,239.509402,30.740876,216.666667,3.178134,180.0
269,194.7342017543521,-32.88454707,189.78000537447346,2025W27_1A_0310_3,60857.56927,113.5826,-51.035907,54.187562,35.074981,209.708738,-23.025739,180.0
270,204.29509013922464,-33.73594523,-0.992796258,2025W27_1A_0310_3,60857.56927,113.5826,-51.035907,54.187562,35.074981,209.708738,-23.025739,180.0
271,281.3863716021512,73.00505964758374,261.1738188584418,2025W27_1A_0254_3,60857.27331,113.5826,74.076319,200.006005,95.178688,56.476963,86.324002,287.81692
272,271.2530013796747,66.40504592,93.10071582,2025W27_1A_0254_3,60857.27331,113.5826,74.076319,200.006005,95.178688,56.476963,86.324002,287.81692
273,44.43068792945194,-43.13854991,165.63070709,2025W27_1A_0221_2,60857.11232,113.5826,-29.601766,53.200766,32.970115,15.428571,-55.318413,0.0
274,44.63935862859275,-40.80504567,144.77787987,2025W27_1A_0221_2,60857.11232,113.5826,-29.601766,53.200766,32.970115,15.428571,-55.318413,0.0
275,43.64661113,-40.73781561,165.94145578938546,2025W27_1A_0221_2,60857.11232,113.5826,-29.601766,53.200766,32.970115,15.428571,-55.318413,0.0
276,39.57908617193864,-44.63426464,158.2542361,2025W27_1A_0221_2,60857.11232,113.5826,-29.601766,53.200766,32.970115,15.428571,-55.318413,0.0
277,35.19450589839393,-45.19196637,171.15645341407108,2025W27_1A_0221_2,60857.11232,113.5826,-29.601766,53.200766,32.970115,15.428571,-55.318413,0.0
278,32.59382085999282,-45.21213148,-48.96940059,2025W27_1A_0221_2,60857.11232,113.5826,-29.601766,53.200766,32.970115,15.428571,-55.318413,0.0
279,262.2440176171655,64.27698971046772,-100.747876,2025W27_1A_0200_3,60857.00579,113.5826,53.483595,277.863808,60.223886,164.340526,87.784394,179.987832
280,259.3267699228715,63.93042505,-44.24136858,2025W18_1B_0387_2,60796.06026,113.5826,77.364329,29.179486,83.367181,192.624438,86.498701,90.806819
281,266.5047342244372,64.71996620161933,100.97263806612736,2025W27_1A_0306_1,60857.54229,113.5826,82.009136,168.934244,97.707487,75.132955,86.497736,269.196982
282,41.711745887576285,10.061189105614526,-16.97879615,2025W31_2A_0164_2,60888.37041,113.5826,24.287391,311.922391,18.166737,40.0,-6.387735,0.0
283,39.10655360101932,7.553340652994343,-30.92045554,2025W31_2A_0164_2,60888.37041,113.5826,24.287391,311.922391,18.166737,40.0,-6.387735,0.0
284,39.03293811335185,8.136732992347417,1.6176576999999952,2025W31_2A_0164_2,60888.37041,113.5826,24.287391,311.922391,18.166737,40.0,-6.387735,0.0
285,36.349154534155474,8.607665739504531,140.66734062,2025W31_2A_0164_2,60888.37041,113.5826,24.287391,311.922391,18.166737,40.0,-6.387735,0.0
286,34.34363495714639,6.830633152396316,147.35595150383676,2025W31_2A_0164_2,60888.37041,113.5826,24.287391,311.922391,18.166737,40.0,-6.387735,0.0
287,249.94381098737227,-33.52109686,153.11126490349238,2025W31_2A_0145_3,60888.27114,113.5826,-38.269462,164.955342,74.465493,248.971963,-11.823603,180.0
288,292.31880708458834,-36.85554732,168.16855366427285,2025W38_1A_0012_1,60933.03809,113.5826,-58.020588,242.014934,26.302741,282.616822,-13.79027,180.0
289,250.1171225321457,18.71298945814897,52.58640914322749,2025W31_2A_0107_1,60888.05338,113.5826,35.420126,255.417759,50.018894,252.0,39.663743,180.0
290,250.3141017076738,18.88544660681993,93.38866887095708,2025W31_2A_0107_1,60888.05338,113.5826,35.420126,255.417759,50.018894,252.0,39.663743,180.0
291,256.37104301531747,17.676401503188714,237.76038797497495,2025W31_2A_0107_1,60888.05338,113.5826,35.420126,255.417759,50.018894,252.0,39.663743,180.0
292,260.7082662985876,16.64940534,230.59506561452383,2025W31_2A_0107_1,60888.05338,113.5826,35.420126,255.417759,50.018894,252.0,39.663743,180.0
293,264.48845968613176,71.55733286738185,-95.20314799,2025W27_1A_0200_4,60857.00728,113.5826,46.288831,274.888712,53.928717,164.35352,87.587632,179.974839
294,262.2275257027186,62.64902616530077,-118.6772037,2025W27_1A_0200_4,60857.00728,113.5826,46.288831,274.888712,53.928717,164.35352,87.587632,179.974839
295,79.21312224,-1.815133993,-29.49022246,2025W36_1A_0034_3,60919.14237,113.5826,30.704516,32.683547,57.669077,73.398058,-23.812406,0.0
296,78.17014222412043,-0.004450132,315.67067476315515,2025W36_1A_0034_3,60919.14237,113.5826,30.704516,32.683547,57.669077,73.398058,-23.812406,0.0
297,77.45541076189633,0.6122335609806591,329.4837778031001,2025W36_1A_0034_3,60919.14237,113.5826,30.704516,32.683547,57.669077,73.398058,-23.812406,0.0
298,77.43681833625595,0.5900496643117628,149.97846032539874,2025W36_1A_0034_3,60919.14237,113.5826,30.704516,32.683547,57.669077,73.398058,-23.812406,0.0
299,75.69482329,-2.635092627,-38.79441803,2025W36_1A_0034_3,60919.14237,113.5826,30.704516,32.683547,57.669077,73.398058,-23.812406,0.0
300,4.513258662974173,30.88418957509558,148.46950645,2025W27_1A_0304_2,60857.53472,113.5826,48.179232,247.570924,63.346052,14.545455,27.478273,0.0
301,5.879613337767655,33.151151850001405,343.388446606369,2025W27_1A_0304_2,60857.53472,113.5826,48.179232,247.570924,63.346052,14.545455,27.478273,0.0
302,359.23324001411106,31.10621730184417,168.13092408077807,2025W27_1A_0304_2,60857.53472,113.5826,48.179232,247.570924,63.346052,14.545455,27.478273,0.0
303,356.1518211483575,29.600591930317567,-46.81814609,2025W27_1A_0304_2,60857.53472,113.5826,48.179232,247.570924,63.346052,14.545455,27.478273,0.0
304,358.90927687169415,28.66800013619386,-20.54156905,2025W27_1A_0304_2,60857.53472,113.5826,48.179232,247.570924,63.346052,14.545455,27.478273,0.0
305,75.78672245,-33.07176751,-178.5456223,2025W38_1A_0018_1,60933.06038,113.5826,-2.145675,67.172104,54.001239,61.714286,-55.51508,0.0
306,74.30033012127477,-34.08242389,143.4515191199318,2025W38_1A_0018_1,60933.06038,113.5826,-2.145675,67.172104,54.001239,61.714286,-55.51508,0.0
307,64.97913137,-33.36368761,-43.05276339,2025W38_1A_0018_1,60933.06038,113.5826,-2.145675,67.172104,54.001239,61.714286,-55.51508,0.0
308,9.592104435311478,5.026441192358552,-30.40344483,2025W27_1A_0223_1,60857.12119,113.5826,16.487564,43.1052,49.348272,10.0,1.6048,0.0
309,9.952888308699846,5.717700402499815,149.82798348,2025W27_1A_0223_1,60857.12119,113.5826,16.487564,43.1052,49.348272,10.0,1.6048,0.0
310,7.3928317,6.311572986493083,-30.05397094,2025W27_1A_0223_1,60857.12119,113.5826,16.487564,43.1052,49.348272,10.0,1.6048,0.0
311,6.231079429897314,4.259148429017195,154.22394772,2025W27_1A_0223_1,60857.12119,113.5826,16.487564,43.1052,49.348272,10.0,1.6048,0.0
312,5.889026466996303,4.546536081262533,-50.61987795,2025W27_1A_0223_1,60857.12119,113.5826,16.487564,43.1052,49.348272,10.0,1.6048,0.0
313,3.2704078385415185,4.626264542672567,149.74940417,2025W27_1A_0223_1,60857.12119,113.5826,16.487564,43.1052,49.348272,10.0,1.6048,0.0
314,128.60531552747648,-77.89142328,-92.64206204,2025W31_2A_0124_3,60888.14636,113.5826,-79.215425,83.459633,40.185617,240.0,-74.969351,180.0
315,283.6391632433841,72.28335674,30.380148200000008,2025W31_2A_0166_1,60888.38261,113.5826,82.031609,223.317682,86.514456,51.428571,81.781886,0.0
316,291.8922781455083,67.51922967970457,94.06920211526467,2025W31_2A_0166_1,60888.38261,113.5826,82.031609,223.317682,86.514456,51.428571,81.781886,0.0
317,259.01696163775046,12.36313080345689,227.8684798851481,2025W38_1A_0094_1,60933.30342,113.5826,-25.993833,155.459592,90.226637,258.75,33.637875,180.0
318,265.27353578363454,9.540458319597247,-160.7007114,2025W38_1A_0094_1,60933.30342,113.5826,-25.993833,155.459592,90.226637,258.75,33.637875,180.0
319,254.1397590561324,20.733196525902343,218.98521001868113,2025W31_2A_0181_1,60888.46135,113.5826,32.619469,107.926694,104.097363,251.566265,44.116277,180.0
320,254.1807145321606,20.47405530224325,14.358395856946547,2025W31_2A_0181_1,60888.46135,113.5826,32.619469,107.926694,104.097363,251.566265,44.116277,180.0
321,255.24987039638708,22.56946494207637,235.65192811437294,2025W31_2A_0181_1,60888.46135,113.5826,32.619469,107.926694,104.097363,251.566265,44.116277,180.0
322,260.07188643331733,22.221373247564493,32.74485530000001,2025W31_2A_0181_1,60888.46135,113.5826,32.619469,107.926694,104.097363,251.566265,44.116277,180.0
323,83.94599138440341,-64.12038505,116.27932722,2025W22_2B_0435_3,60827.00961,113.5826,-73.870055,114.740823,46.254923,50.673478,-86.375377,64.48694
324,142.3170983081464,-68.11854523,-173.7934458,2025W27_1A_0286_3,60857.44151,113.5826,-80.829507,350.16747,20.784242,208.0,-71.366417,180.0
325,81.54663638152226,-18.68615542,-7.285333316,2025W36_1A_0017_1,60919.07037,113.5826,9.334334,62.048169,56.298966,74.482759,-42.283343,0.0
326,78.79189257994963,-18.87364746,1.7483058999999912,2025W36_1A_0017_1,60919.07037,113.5826,9.334334,62.048169,56.298966,74.482759,-42.283343,0.0
327,72.74992558324828,-18.49091015,-41.07653264,2025W36_1A_0017_1,60919.07037,113.5826,9.334334,62.048169,56.298966,74.482759,-42.283343,0.0
328,72.14181791672274,-18.31520232,-37.09469671,2025W36_1A_0017_1,60919.07037,113.5826,9.334334,62.048169,56.298966,74.482759,-42.283343,0.0
329,279.9605794625864,5.066845369381955,-143.5061626,2025W36_1A_0055_3,60919.23962,113.5826,-6.589475,181.522651,81.175338,276.363636,27.281607,180.0
330,278.9599007958827,4.920883814851976,175.52533665160806,2025W36_1A_0055_3,60919.23962,113.5826,-6.589475,181.522651,81.175338,276.363636,27.281607,180.0
331,51.09846755888647,-12.66523069,147.80446214,2025W31_2A_0189_2,60888.50253,113.5826,4.991251,267.258888,16.253218,43.636364,-29.051607,0.0
332,50.10367886665741,-12.82319289,181.7219343950504,2025W31_2A_0189_2,60888.50253,113.5826,4.991251,267.258888,16.253218,43.636364,-29.051607,0.0
333,48.73316392543908,-13.33254239,147.08627583999998,2025W31_2A_0189_2,60888.50253,113.5826,4.991251,267.258888,16.253218,43.636364,-29.051607,0.0
334,48.56211767323958,-13.8181354,137.77344195,2025W31_2A_0189_2,60888.50253,113.5826,4.991251,267.258888,16.253218,43.636364,-29.051607,0.0
335,80.79076177744923,-56.38203688,-32.73499688,2025W36_1A_0030_2,60919.12663,113.5826,-51.755751,53.337629,32.31363,77.142857,-80.995219,0.0
336,289.5093293,67.03697763,-80.88411627,2025W36_1A_0038_1,60919.15577,113.5826,75.247573,244.70555,86.772072,27.091558,86.184831,66.537025
337,289.4057279522206,67.16696871802209,11.054826200000008,2025W36_1A_0038_1,60919.15577,113.5826,75.247573,244.70555,86.772072,27.091558,86.184831,66.537025
338,241.3224521781557,-19.54069482,73.58898063,2025W31_2A_0122_1,60888.12982,113.5826,-10.261225,220.674862,43.391878,246.666667,1.541867,180.0
339,241.6222219,-19.7961481,173.70061103899235,2025W31_2A_0122_1,60888.12982,113.5826,-10.261225,220.674862,43.391878,246.666667,1.541867,180.0
340,241.4890651999825,-20.53143798,196.61629372,2025W31_2A_0122_1,60888.12982,113.5826,-10.261225,220.674862,43.391878,246.666667,1.541867,180.0
341,17.621006462571522,50.81177496007314,110.59506832,2025W31_2A_0141_2,60888.24252,113.5826,66.12134,343.119142,63.555727,44.0,38.877076,0.0
342,357.6532582202518,27.87603838948414,143.4270549701436,2025W27_1A_0267_1,60857.3297,113.5826,41.432178,323.302247,35.716902,14.257426,26.038673,0.0
343,342.4825340148388,-48.5212047,153.09079224588749,2025W18_1B_0383_3,60796.03778,113.5826,-38.588227,82.258941,55.055319,316.0,-38.483743,0.0
344,330.3882154503251,-53.895212,340.50871097790616,2025W18_1B_0383_3,60796.03778,113.5826,-38.588227,82.258941,55.055319,316.0,-38.483743,0.0
345,201.99337173018336,-36.02533432,10.965183200000013,2025W27_1A_0204_2,60857.02236,113.5826,-32.601112,255.932425,9.118565,210.29703,-25.252006,180.0
346,203.96003781029128,-36.5030884,27.22888739999999,2025W27_1A_0204_2,60857.02236,113.5826,-32.601112,255.932425,9.118565,210.29703,-25.252006,180.0
347,202.31063655090347,-36.57121417,350.35783747328185,2025W27_1A_0204_2,60857.02236,113.5826,-32.601112,255.932425,9.118565,210.29703,-25.252006,180.0
348,256.6157182638287,61.81171591778352,134.94280401295288,2025W27_1A_0225_3,60857.13805,113.5826,72.001424,244.891742,87.129046,164.37323,87.002512,179.955129
349,71.72478621458038,45.61920162718359,-1.505203833,2025W36_1A_0051_2,60919.21681,113.5826,63.826005,354.159977,66.761153,73.398058,22.435739,0.0
350,62.744029946082975,43.12063251050109,-33.82883466,2025W36_1A_0051_2,60919.21681,113.5826,63.826005,354.159977,66.761153,73.398058,22.435739,0.0
351,317.75938022433746,38.25109321288684,321.8723558012141,2025W22_2B_0439_1,60827.03061,113.5826,35.433595,72.535867,82.0107,346.329114,49.685879,0.0
352,166.74706614745284,17.409644901116394,19.202551400000004,2025W18_1B_0389_4,60796.07713,113.5826,9.943263,243.091855,32.288021,160.0,10.580669,180.0
353,83.62993807,-43.44218047,153.05707248,2025W36_1A_0032_1,60919.13503,113.5826,-8.239004,41.275868,29.837847,78.545455,-65.537216,0.0
354,234.66716523429747,39.34565286815754,218.48060123198772,2025W27_1A_0282_2,60857.41769,113.5826,31.520058,123.646225,118.836473,216.0,57.151347,180.0
355,26.545439124354967,-83.50003563,66.01356754,2025W38_1A_0014_3,60933.04571,113.5826,-77.779105,112.417088,43.392644,288.0,-68.353483,180.0
356,20.54635927,-79.68908838,241.3098756939449,2025W38_1A_0014_3,60933.04571,113.5826,-77.779105,112.417088,43.392644,288.0,-68.353483,180.0
357,253.08803956457103,46.01966836900829,35.240066799999994,2025W31_2A_0143_1,60888.25458,113.5826,47.937067,186.128001,98.225853,244.8,66.780149,180.0
358,71.92222707,-2.697911182,147.81538008,2025W37_2A_0856_1,60932.99902,113.5826,32.45428,83.854097,87.32895,66.407767,-23.419072,0.0
359,71.47993169567177,-0.080359566,140.49931439,2025W37_2A_0856_1,60932.99902,113.5826,32.45428,83.854097,87.32895,66.407767,-23.419072,0.0
360,73.20958168938702,-0.358231773,-34.54222884,2025W37_2A_0856_1,60932.99902,113.5826,32.45428,83.854097,87.32895,66.407767,-23.419072,0.0
361,67.26692234515782,-3.444407896,142.18519847,2025W37_2A_0856_1,60932.99902,113.5826,32.45428,83.854097,87.32895,66.407767,-23.419072,0.0
362,67.79451920164476,-0.449417561,139.23726892,2025W37_2A_0856_1,60932.99902,113.5826,32.45428,83.854097,87.32895,66.407767,-23.419072,0.0
363,65.10101840150153,-1.216737318,-42.25049102,2025W37_2A_0856_1,60932.99902,113.5826,32.45428,83.854097,87.32895,66.407767,-23.419072,0.0
364,63.74882406164891,-1.432871025,-42.06309982,2025W37_2A_0856_1,60932.99902,113.5826,32.45428,83.854097,87.32895,66.407767,-23.419072,0.0
365,254.32271188899668,-6.960916659,216.69722519768348,2025W38_1A_0056_1,60933.17037,113.5826,-40.280512,200.479692,56.706503,259.065421,14.38027,180.0
366,159.9625173475145,18.87456054790412,-162.0231685,2025W18_1B_0389_3,60796.07564,113.5826,17.232891,244.673093,37.748062,160.0,10.777336,180.0
367,166.65074881617534,18.608152102772586,23.458613799999995,2025W18_1B_0389_3,60796.07564,113.5826,17.232891,244.673093,37.748062,160.0,10.777336,180.0
368,250.4183268366989,25.373478606237303,78.29187406107906,2025W31_2A_0120_2,60888.12408,113.5826,20.167716,227.153912,51.453786,250.632911,46.539211,180.0
369,254.76019893858376,25.45662285323594,-169.4579166,2025W31_2A_0120_2,60888.12408,113.5826,20.167716,227.153912,51.453786,250.632911,46.539211,180.0
370,256.4376315720685,23.10615828676528,214.1985801907736,2025W31_2A_0120_2,60888.12408,113.5826,20.167716,227.153912,51.453786,250.632911,46.539211,180.0
371,258.1622644955248,24.78420012994112,-168.2498369,2025W31_2A_0120_2,60888.12408,113.5826,20.167716,227.153912,51.453786,250.632911,46.539211,180.0
372,34.273920321400375,15.325673374944271,154.96958072,2025W31_2A_0128_1,60888.167,113.5826,25.917166,24.894289,51.06163,36.666667,1.541867,0.0
373,34.00191898678308,15.31262222451354,166.13892513,2025W31_2A_0128_1,60888.167,113.5826,25.917166,24.894289,51.06163,36.666667,1.541867,0.0
374,30.97741532189096,13.444806443868336,169.3652664,2025W31_2A_0128_1,60888.167,113.5826,25.917166,24.894289,51.06163,36.666667,1.541867,0.0
375,30.313787373378585,15.380629724405342,163.50321922,2025W31_2A_0128_1,60888.167,113.5826,25.917166,24.894289,51.06163,36.666667,1.541867,0.0
376,81.89888046458508,-62.21309889,-90.53762241,2025W27_1A_0300_3,60857.51401,113.5826,-60.497405,278.367641,10.20809,58.203955,-84.103474,46.474282
377,1.7961890755370706,30.85198176564424,-168.5511248,2025W27_1A_0304_4,60857.53772,113.5826,63.604258,239.115237,78.914815,14.545455,27.871607,0.0
378,358.63901361496016,28.86824273351132,165.72222623241316,2025W27_1A_0304_4,60857.53772,113.5826,63.604258,239.115237,78.914815,14.545455,27.871607,0.0
379,227.8317622950172,27.255830766546463,195.9509773665237,2025W27_1A_0240_4,60857.21486,113.5826,26.202484,195.674643,79.736677,219.310345,41.89001,180.0
380,227.9349393633414,26.72135437,206.74240754516046,2025W27_1A_0240_4,60857.21486,113.5826,26.202484,195.674643,79.736677,219.310345,41.89001,180.0
381,230.0808665881384,26.50508997741208,47.51885587979952,2025W27_1A_0240_4,60857.21486,113.5826,26.202484,195.674643,79.736677,219.310345,41.89001,180.0
382,230.88171941236035,25.981112277983687,22.69770694876497,2025W27_1A_0240_4,60857.21486,113.5826,26.202484,195.674643,79.736677,219.310345,41.89001,180.0
383,233.34109343091785,25.28922100486312,225.42708807367364,2025W27_1A_0240_4,60857.21486,113.5826,26.202484,195.674643,79.736677,219.310345,41.89001,180.0
384,83.85788271619487,-64.59124825,78.3564606,2025W22_2B_0435_2,60827.00812,113.5826,-79.594154,135.913451,39.77713,53.548269,-86.45523,67.351871
385,89.47983211462869,-67.63956114,-163.0331033,2025W22_2B_0435_2,60827.00812,113.5826,-79.594154,135.913451,39.77713,53.548269,-86.45523,67.351871
386,264.9915246306729,67.95427357552155,248.43500547467707,2025W31_2A_0105_4,60888.04872,113.5826,59.486799,265.102888,69.292169,113.801076,86.4709,262.779684
387,264.13315809248127,68.90562602190096,-137.6386379,2025W31_2A_0105_4,60888.04872,113.5826,59.486799,265.102888,69.292169,113.801076,86.4709,262.779684
388,270.58123667911644,67.15502451802922,77.6106142,2025W31_2A_0105_4,60888.04872,113.5826,59.486799,265.102888,69.292169,113.801076,86.4709,262.779684
389,48.635083402926426,-12.66171954,-42.52008006,2025W31_2A_0189_3,60888.50402,113.5826,12.273529,265.715291,24.912415,43.636364,-28.85494,0.0
390,51.372613021376246,-12.12146227,174.364686406,2025W31_2A_0189_3,60888.50402,113.5826,12.273529,265.715291,24.912415,43.636364,-28.85494,0.0
391,45.67851819,-11.33114921,153.2024082464874,2025W31_2A_0189_3,60888.50402,113.5826,12.273529,265.715291,24.912415,43.636364,-28.85494,0.0
392,43.78311024,-11.76425907,159.94703745690737,2025W31_2A_0189_3,60888.50402,113.5826,12.273529,265.715291,24.912415,43.636364,-28.85494,0.0
393,62.335622894767496,41.71395967413358,-20.19827889,2025W36_1A_0036_1,60919.14672,113.5826,53.66808,24.900466,73.858813,73.398058,21.452405,0.0
394,219.7509462123267,14.262397042675865,33.066055199999994,2025W27_1A_0202_1,60857.01204,113.5826,20.868306,267.784465,33.346527,217.425743,27.218673,180.0
395,271.02226203103345,50.10525695662262,84.53265994980899,2025W38_1A_0031_2,60933.09117,113.5826,18.521895,238.474867,42.485456,286.153846,74.182684,180.0
396,284.6280545188129,52.63438939829008,56.53316667514551,2025W38_1A_0031_2,60933.09117,113.5826,18.521895,238.474867,42.485456,286.153846,74.182684,180.0
397,113.21105884341254,-67.04172593,54.744359599999996,2025W31_2A_0147_1,60888.28174,113.5826,-80.613654,45.280329,29.933907,212.727273,-82.43482,180.0
398,105.68119707772382,-69.68351812,67.132636,2025W31_2A_0147_1,60888.28174,113.5826,-80.613654,45.280329,29.933907,212.727273,-82.43482,180.0
399,111.45300071147834,-71.41311499,59.6178778,2025W31_2A_0147_1,60888.28174,113.5826,-80.613654,45.280329,29.933907,212.727273,-82.43482,180.0
400,136.98305410497207,-73.82705855,67.7236446,2025W31_2A_0124_2,60888.14486,113.5826,-82.037285,126.953291,42.162334,240.0,-74.772685,180.0
401,136.71921613448728,-74.20108134,-70.82551804,2025W31_2A_0124_2,60888.14486,113.5826,-82.037285,126.953291,42.162334,240.0,-74.772685,180.0
402,130.06758977289442,-72.05904498,-106.6603992,2025W31_2A_0124_2,60888.14486,113.5826,-82.037285,126.953291,42.162334,240.0,-74.772685,180.0
403,252.22105299286736,64.17734981180466,188.314819909,2025W38_1A_0052_1,60933.15253,113.5826,52.830615,224.337021,79.561881,172.942462,86.322667,287.769332
404,252.88932356310937,64.22045977685423,162.91524961,2025W38_1A_0052_1,60933.15253,113.5826,52.830615,224.337021,79.561881,172.942462,86.322667,287.769332
405,254.6791265040976,64.85166447139008,10.200434419998272,2025W38_1A_0052_1,60933.15253,113.5826,52.830615,224.337021,79.561881,172.942462,86.322667,287.769332
406,249.5415280286227,63.86635110336044,101.21159708349552,2025W38_1A_0052_1,60933.15253,113.5826,52.830615,224.337021,79.561881,172.942462,86.322667,287.769332
407,249.7431676802362,63.53918103333805,-172.9288782,2025W38_1A_0052_1,60933.15253,113.5826,52.830615,224.337021,79.561881,172.942462,86.322667,287.769332
408,39.82814292918397,-44.10687534,-24.86055906,2025W27_1A_0221_4,60857.11531,113.5826,-13.851206,49.536721,33.650101,15.428571,-54.92508,0.0
409,35.60121841960391,-46.90695155,-53.64776976,2025W27_1A_0221_4,60857.11531,113.5826,-13.851206,49.536721,33.650101,15.428571,-54.92508,0.0
410,354.5187680200984,-21.25790066,157.2145465,2025W22_2B_0437_1,60827.01864,113.5826,-27.793444,86.805583,61.308307,343.018868,-16.606537,0.0
411,201.27633926796827,-17.5979132,199.74043818817813,2025W27_1A_0284_1,60857.42513,113.5826,-7.37693,115.021883,92.422928,210.0,-7.371068,180.0
412,209.7979249832312,-20.65080816,252.1866678766222,2025W27_1A_0284_1,60857.42513,113.5826,-7.37693,115.021883,92.422928,210.0,-7.371068,180.0
413,43.25879773538938,11.811373788308345,160.47907063649842,2025W31_2A_0164_4,60888.37339,113.5826,40.029308,307.710284,34.239024,40.0,-5.994401,0.0
414,38.65040382285597,7.263937847576465,160.60541502,2025W31_2A_0164_4,60888.37339,113.5826,40.029308,307.710284,34.239024,40.0,-5.994401,0.0
415,38.20775058116643,7.401674681388812,160.73664243,2025W31_2A_0164_4,60888.37339,113.5826,40.029308,307.710284,34.239024,40.0,-5.994401,0.0
416,36.31849563965323,7.1148892948645415,126.79206726999999,2025W31_2A_0164_4,60888.37339,113.5826,40.029308,307.710284,34.239024,40.0,-5.994401,0.0
417,78.62696483973227,-0.762681371,151.4362618,2025W36_1A_0034_2,60919.14088,113.5826,22.192619,34.760702,51.236798,73.398058,-24.009072,0.0
418,77.44962088434063,0.4337753182487203,-26.79236356,2025W36_1A_0034_2,60919.14088,113.5826,22.192619,34.760702,51.236798,73.398058,-24.009072,0.0
419,76.44912545626977,-2.315033516,-27.98112467,2025W36_1A_0034_2,60919.14088,113.5826,22.192619,34.760702,51.236798,73.398058,-24.009072,0.0
420,74.90635023287184,-1.60115895,143.12779013,2025W36_1A_0034_2,60919.14088,113.5826,22.192619,34.760702,51.236798,73.398058,-24.009072,0.0
421,73.90559824806869,-2.324102964,-38.19265782,2025W36_1A_0034_2,60919.14088,113.5826,22.192619,34.760702,51.236798,73.398058,-24.009072,0.0
422,73.27282460155794,-1.243953194,-175.119031,2025W36_1A_0034_2,60919.14088,113.5826,22.192619,34.760702,51.236798,73.398058,-24.009072,0.0
423,72.16958740295397,-3.131678392,148.40971521,2025W36_1A_0034_2,60919.14088,113.5826,22.192619,34.760702,51.236798,73.398058,-24.009072,0.0
424,244.6944673926072,10.121466255482428,22.4257298,2025W36_1A_0057_1,60919.24376,113.5826,-28.381015,176.613415,78.009499,243.636364,30.034941,180.0
425,250.68508591361228,8.897815282512434,13.121657400000004,2025W36_1A_0057_1,60919.24376,113.5826,-28.381015,176.613415,78.009499,243.636364,30.034941,180.0
426,252.69168285047868,8.281394358110166,210.2084746115887,2025W36_1A_0057_1,60919.24376,113.5826,-28.381015,176.613415,78.009499,243.636364,30.034941,180.0
427,249.12617111569384,64.40577329738593,132.71694417999998,2025W18_1B_0387_3,60796.06175,113.5826,81.947033,345.945698,82.709325,189.408669,86.491057,94.01658
428,290.5709231148347,-35.17243519,176.8898554698911,2025W38_1A_0058_1,60933.17488,113.5826,-62.883916,189.851023,47.295913,282.616822,-14.38027,180.0
429,46.36186589821183,-42.62678483,145.83339885,2025W27_1A_0221_3,60857.11382,113.5826,-21.125802,51.158056,32.970115,15.428571,-55.121747,0.0
430,33.7407507,-45.89831156,129.04028003,2025W27_1A_0221_3,60857.11382,113.5826,-21.125802,51.158056,32.970115,15.428571,-55.121747,0.0
431,263.2605236290893,-7.414504273,31.55929041318081,2025W38_1A_0033_1,60933.10026,113.5826,-28.735632,228.141087,32.805743,258.113208,17.393204,180.0
432,43.68802618024542,9.011749913038924,152.87326914,2025W31_2A_0164_3,60888.3719,113.5826,31.560258,310.112288,26.778589,40.0,-6.191068,0.0
433,42.15359525834992,8.612921325063876,163.63093032,2025W31_2A_0164_3,60888.3719,113.5826,31.560258,310.112288,26.778589,40.0,-6.191068,0.0
434,37.83334655810622,9.577076795927328,340.6576853955015,2025W31_2A_0164_3,60888.3719,113.5826,31.560258,310.112288,26.778589,40.0,-6.191068,0.0
435,34.808744864005064,6.135527833001276,-33.59684414,2025W31_2A_0164_3,60888.3719,113.5826,31.560258,310.112288,26.778589,40.0,-6.191068,0.0
436,34.42129307784408,6.5974004914484805,144.77523335113924,2025W31_2A_0164_3,60888.3719,113.5826,31.560258,310.112288,26.778589,40.0,-6.191068,0.0
437,15.89432122688642,-26.41439195,41.65664670000001,2025W27_1A_0208_1,60857.04318,113.5826,-36.287503,79.453361,53.347753,7.272727,-29.051607,0.0
438,70.54315639809093,-61.21393521,-90.13606498,2025W36_1A_0015_4,60919.06179,113.5826,-35.605883,72.196175,47.670394,34.010627,-83.13565,306.161308
439,70.37977312328817,44.31245790143148,358.3245581876441,2025W36_1A_0051_4,60919.21979,113.5826,78.001176,328.44468,74.306135,73.398058,22.829072,0.0
440,165.8215701024414,16.789051909295836,23.764176600000013,2025W18_1B_0389_2,60796.07415,113.5826,25.734147,246.63519,43.187329,160.0,10.974003,180.0
441,228.29363814165387,-73.38812976,218.09183664908954,2025W38_1A_0077_1,60933.24386,113.5826,-68.157176,160.442231,49.509978,257.142857,-53.74508,180.0
442,228.9497300515269,-73.46231172,217.17465722215735,2025W38_1A_0077_1,60933.24386,113.5826,-68.157176,160.442231,49.509978,257.142857,-53.74508,180.0
443,233.8434613190966,-73.99480245,211.72499113616502,2025W38_1A_0077_1,60933.24386,113.5826,-68.157176,160.442231,49.509978,257.142857,-53.74508,180.0
444,234.17002659300084,-74.6247204,32.74348000987147,2025W38_1A_0077_1,60933.24386,113.5826,-68.157176,160.442231,49.509978,257.142857,-53.74508,180.0
445,235.5103111885616,-74.77367288,31.457264049390417,2025W38_1A_0077_1,60933.24386,113.5826,-68.157176,160.442231,49.509978,257.142857,-53.74508,180.0
446,236.45906299970247,-74.88026246,210.51883948408755,2025W38_1A_0077_1,60933.24386,113.5826,-68.157176,160.442231,49.509978,257.142857,-53.74508,180.0
447,237.9944888110794,-75.03207814,209.10854970984965,2025W38_1A_0077_1,60933.24386,113.5826,-68.157176,160.442231,49.509978,257.142857,-53.74508,180.0
448,238.8881344,-75.10580399,208.2752499462696,2025W38_1A_0077_1,60933.24386,113.5826,-68.157176,160.442231,49.509978,257.142857,-53.74508,180.0
449,240.3996969585895,-75.27286303,26.838561523121324,2025W38_1A_0077_1,60933.24386,113.5826,-68.157176,160.442231,49.509978,257.142857,-53.74508,180.0
450,241.7592403449625,-75.26002051,205.48072832,2025W38_1A_0077_1,60933.24386,113.5826,-68.157176,160.442231,49.509978,257.142857,-53.74508,180.0
451,243.01057509436063,-75.39991606,204.15654173731468,2025W38_1A_0077_1,60933.24386,113.5826,-68.157176,160.442231,49.509978,257.142857,-53.74508,180.0
452,244.50400286959524,-75.5332546,23.021095142753268,2025W38_1A_0077_1,60933.24386,113.5826,-68.157176,160.442231,49.509978,257.142857,-53.74508,180.0
453,10.049919623180518,-87.56595286,116.0438759467856,2025W38_1A_0014_2,60933.0442,113.5826,-81.804152,148.840148,38.306983,288.0,-68.156816,180.0
454,22.091370146259635,-78.24051879,95.52715006,2025W38_1A_0014_2,60933.0442,113.5826,-81.804152,148.840148,38.306983,288.0,-68.156816,180.0
455,83.57701932969253,-61.55537641,-80.8824214,2025W27_1A_0300_2,60857.51252,113.5826,-67.465817,284.254981,12.479656,59.646825,-84.236414,47.864185
456,262.2948884193003,-58.77730381,205.107999300366,2025W36_1A_0013_1,60919.04399,113.5826,-49.185141,243.548262,23.325451,270.967742,-36.257475,180.0
457,274.2914199681256,-59.86831809,-0.95718423,2025W36_1A_0013_1,60919.04399,113.5826,-49.185141,243.548262,23.325451,270.967742,-36.257475,180.0
458,64.63729421442306,45.58497289999808,182.25922784588903,2025W36_1A_0051_3,60919.2183,113.5826,71.822679,344.894211,69.971382,73.398058,22.632405,0.0
459,281.1762607495841,59.42923470951659,18.29523670564303,2025W38_1A_0090_1,60933.29019,113.5826,44.246904,172.037766,107.474192,293.155841,85.750394,124.531659
460,280.2257758,59.67261262136226,42.59703853093908,2025W38_1A_0090_1,60933.29019,113.5826,44.246904,172.037766,107.474192,293.155841,85.750394,124.531659
461,29.386093090447584,52.76884078246149,-58.81177981,2025W31_2A_0141_3,60888.24401,113.5826,72.880871,334.026788,68.142983,44.0,39.073743,0.0
462,25.21581593432728,51.99729745455483,-32.39384954,2025W31_2A_0141_3,60888.24401,113.5826,72.880871,334.026788,68.142983,44.0,39.073743,0.0
463,93.69402710155752,-54.90139818,134.327715,2025W36_1A_0030_4,60919.12962,113.5826,-36.135026,47.89387,26.977527,77.142857,-80.601886,0.0
464,79.15682490399169,-57.58628378,-37.18505115,2025W36_1A_0030_4,60919.12962,113.5826,-36.135026,47.89387,26.977527,77.142857,-80.601886,0.0
465,30.563312620037863,25.367484639685188,-22.69424722,2025W31_2A_0103_1,60888.03058,113.5826,23.378627,74.410135,74.695751,40.373832,11.233603,0.0
466,351.9662123924473,-11.24379467,-28.79845585,2025W22_2B_0450_4,60827.09396,113.5826,11.762146,53.74325,51.701681,343.333333,-5.601068,0.0
467,350.1536592693004,-10.74730664,151.06218595,2025W22_2B_0450_4,60827.09396,113.5826,11.762146,53.74325,51.701681,343.333333,-5.601068,0.0
468,346.8634205,-12.99901314,-30.94117312,2025W22_2B_0450_4,60827.09396,113.5826,11.762146,53.74325,51.701681,343.333333,-5.601068,0.0
469,345.43951151292055,-11.75694155,182.36031404203197,2025W22_2B_0450_4,60827.09396,113.5826,11.762146,53.74325,51.701681,343.333333,-5.601068,0.0
470,264.3517004403725,66.66266929610762,110.8322704,2025W27_1A_0225_2,60857.13656,113.5826,78.132134,261.615976,84.404418,164.264923,87.192437,180.063435
471,259.1925600057406,65.01787754835811,21.3408819,2025W27_1A_0225_2,60857.13656,113.5826,78.132134,261.615976,84.404418,164.264923,87.192437,180.063435
472,8.433745370066237,-20.82848417,157.98922711,2025W27_1A_0302_1,60857.52445,113.5826,-5.084805,260.940548,8.00738,3.495146,-21.255738,0.0
473,182.2758964008352,-59.17780531,22.541030994565578,2025W27_1A_0246_1,60857.23172,113.5826,-62.084806,170.334037,53.127635,206.4,-52.305479,180.0
474,77.39797895,-56.2502449,-34.48284563,2025W36_1A_0030_3,60919.12812,113.5826,-44.568997,50.535147,28.461629,77.142857,-80.798553,0.0
475,29.362331779316463,55.21673321350475,-29.05163573,2025W31_2A_0141_4,60888.2455,113.5826,78.856884,315.284705,74.307105,44.0,39.270409,0.0
476,23.39039046792822,52.78896231869689,150.70119924,2025W31_2A_0141_4,60888.2455,113.5826,78.856884,315.284705,74.307105,44.0,39.270409,0.0
477,22.26056026973451,52.35392934,23.097350199999994,2025W31_2A_0141_4,60888.2455,113.5826,78.856884,315.284705,74.307105,44.0,39.270409,0.0
478,17.15845147817267,50.929607251736655,121.15519189,2025W31_2A_0141_4,60888.2455,113.5826,78.856884,315.284705,74.307105,44.0,39.270409,0.0
479,198.2295448762224,-35.88662099,73.948724,2025W27_1A_0204_4,60857.02535,113.5826,-48.284482,250.955956,18.481939,210.29703,-25.645339,180.0
480,351.8741053401082,-11.19390894,150.38418721,2025W22_2B_0450_3,60827.09247,113.5826,3.240203,55.541491,47.968698,343.333333,-5.797735,0.0
481,349.3157149250231,-9.263264787,330.68179926415735,2025W22_2B_0450_3,60827.09247,113.5826,3.240203,55.541491,47.968698,343.333333,-5.797735,0.0
482,345.92645034095534,-11.42543056,-30.22146882,2025W22_2B_0450_3,60827.09247,113.5826,3.240203,55.541491,47.968698,343.333333,-5.797735,0.0
483,19.375081642904217,60.73578572690338,109.86142131,2025W31_2A_0179_2,60888.44872,113.5826,76.686757,251.139059,82.480543,45.56962,47.129211,0.0
484,18.44823362789431,60.51434093021968,130.94872542000002,2025W31_2A_0179_2,60888.44872,113.5826,76.686757,251.139059,82.480543,45.56962,47.129211,0.0
485,12.178338065362572,56.31084291036638,126.06803502,2025W31_2A_0179_2,60888.44872,113.5826,76.686757,251.139059,82.480543,45.56962,47.129211,0.0
486,12.084900257496106,56.34174835667314,128.88025834,2025W31_2A_0179_2,60888.44872,113.5826,76.686757,251.139059,82.480543,45.56962,47.129211,0.0
487,10.510943221011198,56.99305397,134.61580864,2025W31_2A_0179_2,60888.44872,113.5826,76.686757,251.139059,82.480543,45.56962,47.129211,0.0
488,126.63374800847782,-82.93987422,114.91835667,2025W36_1A_0029_4,60919.12294,113.5826,-70.413143,67.596021,40.569825,272.0,-71.956417,180.0
489,128.73936743720097,-83.21620793,-131.3820754,2025W36_1A_0029_4,60919.12294,113.5826,-70.413143,67.596021,40.569825,272.0,-71.956417,180.0
490,43.98723609868616,-82.88569133,-13.25000976,2025W36_1A_0029_4,60919.12294,113.5826,-70.413143,67.596021,40.569825,272.0,-71.956417,180.0
491,52.45606082255192,-82.9189115,-1.552313001,2025W36_1A_0029_4,60919.12294,113.5826,-70.413143,67.596021,40.569825,272.0,-71.956417,180.0
492,78.62158929458695,-58.14551864,20.685236400000008,2025W18_1B_0392_1,60796.09287,113.5826,-71.425205,211.431355,38.643626,78.896357,-84.408637,126.400962
493,59.23235621117596,-53.0816135,-39.69189509,2025W27_1A_0313_2,60857.58494,113.5826,-44.370582,246.339869,23.605992,16.0,-69.203083,0.0
494,45.76140453306726,-57.92441093,123.55468204218192,2025W27_1A_0313_2,60857.58494,113.5826,-44.370582,246.339869,23.605992,16.0,-69.203083,0.0
495,5.6052385164102265,0.4710503213597248,56.425731600000006,2025W27_1A_0291_4,60857.46384,113.5826,33.073583,276.834807,39.735575,6.666667,-1.998134,0.0
496,7.958276055836064,1.2219928627532295,-32.79850881,2025W27_1A_0291_4,60857.46384,113.5826,33.073583,276.834807,39.735575,6.666667,-1.998134,0.0
497,2.8021963544371262,-0.030907684,-122.4115425,2025W27_1A_0291_4,60857.46384,113.5826,33.073583,276.834807,39.735575,6.666667,-1.998134,0.0
498,249.36434454284947,-0.904643478,199.99524572936298,2025W31_2A_0133_3,60888.19649,113.5826,-3.634042,197.616314,66.751781,250.285714,19.816138,180.0
499,248.7586798338384,-0.437721888,-160.9529806,2025W31_2A_0133_3,60888.19649,113.5826,-3.634042,197.616314,66.751781,250.285714,19.816138,180.0
500,251.6900314855503,-1.294935305,207.68154139432457,2025W31_2A_0133_3,60888.19649,113.5826,-3.634042,197.616314,66.751781,250.285714,19.816138,180.0
501,255.0381886879439,-4.296698394,24.68392124908981,2025W31_2A_0133_3,60888.19649,113.5826,-3.634042,197.616314,66.751781,250.285714,19.816138,180.0
502,254.96888340097624,-3.465038557,27.98028140453925,2025W31_2A_0133_3,60888.19649,113.5826,-3.634042,197.616314,66.751781,250.285714,19.816138,180.0
503,39.99760506683671,23.02220292957912,329.4641038848546,2025W38_1A_0064_1,60933.20504,113.5826,44.220615,6.963492,57.328801,43.333333,8.024002,0.0
504,38.00197184367236,22.40740451078836,-48.9032177,2025W38_1A_0064_1,60933.20504,113.5826,44.220615,6.963492,57.328801,43.333333,8.024002,0.0
505,32.83509951038916,21.23194703243081,144.3010548188012,2025W38_1A_0064_1,60933.20504,113.5826,44.220615,6.963492,57.328801,43.333333,8.024002,0.0
506,121.2050965403441,-83.80928683,165.72867532910723,2025W36_1A_0029_3,60919.12144,113.5826,-76.755799,81.410735,42.29997,272.0,-71.759751,180.0
507,79.41200790574358,-83.81043648,4.1991252278584215,2025W36_1A_0029_3,60919.12144,113.5826,-76.755799,81.410735,42.29997,272.0,-71.759751,180.0
508,43.29021129647902,-83.38994577,24.92821674027433,2025W36_1A_0029_3,60919.12144,113.5826,-76.755799,81.410735,42.29997,272.0,-71.759751,180.0
509,81.29474467304993,-17.54213874,-89.34400657,2025W36_1A_0063_2,60919.27108,113.5826,-6.857869,352.080027,6.338628,74.482759,-41.103343,0.0
510,79.98100607038819,-17.51479708,0.0,2025W36_1A_0063_2,60919.27108,113.5826,-6.857869,352.080027,6.338628,74.482759,-41.103343,0.0
511,10.86948701052862,0.5046860109389042,-21.77719456,2025W27_1A_0291_3,60857.46235,113.5826,24.60009,278.972446,32.418641,6.666667,-2.194801,0.0
512,8.266468646,0.7507634309125746,0.0004677000000015141,2025W27_1A_0291_3,60857.46235,113.5826,24.60009,278.972446,32.418641,6.666667,-2.194801,0.0
513,2.8465412780907533,-1.248165837,-33.47903304,2025W27_1A_0291_3,60857.46235,113.5826,24.60009,278.972446,32.418641,6.666667,-2.194801,0.0
514,357.8388728971505,-33.13574252,162.21055034,2025W22_2B_0449_3,60827.08737,113.5826,-23.520912,61.317603,41.170043,345.454545,-29.641607,0.0
515,159.42844413876546,-10.65095839,305.40746563461886,2025W18_1B_0390_2,60796.08083,113.5826,-9.485541,239.015083,26.336741,164.571429,-19.226138,180.0
516,14.136379803264363,71.05575445180978,-62.23607876,2025W31_2A_0118_2,60888.11006,113.5826,80.343362,354.008436,82.138348,46.285714,55.711747,0.0
517,82.40604262226553,-17.50794392,-24.05860072,2025W36_1A_0048_4,60919.20437,113.5826,-0.249193,15.150264,21.708729,74.482759,-41.496677,0.0
518,80.9995853,-17.04612496,145.61777723,2025W36_1A_0048_4,60919.20437,113.5826,-0.249193,15.150264,21.708729,74.482759,-41.496677,0.0
519,77.73512638674158,-17.90567659,354.8660384440716,2025W36_1A_0048_4,60919.20437,113.5826,-0.249193,15.150264,21.708729,74.482759,-41.496677,0.0
520,75.49370141329271,-20.3425875,-38.65451705,2025W36_1A_0048_4,60919.20437,113.5826,-0.249193,15.150264,21.708729,74.482759,-41.496677,0.0
521,74.92793129155055,-20.56976094,-38.42707257,2025W36_1A_0048_4,60919.20437,113.5826,-0.249193,15.150264,21.708729,74.482759,-41.496677,0.0
522,230.32375326838616,44.09660367,83.07901848789112,2025W27_1A_0255_1,60857.2774,113.5826,54.502803,180.538814,107.05974,216.0,58.134681,180.0
523,237.44869376124103,41.41927328179748,60.68996141172293,2025W27_1A_0255_1,60857.2774,113.5826,54.502803,180.538814,107.05974,216.0,58.134681,180.0
524,234.08343282975807,40.94592847809239,237.09627251823076,2025W27_1A_0255_1,60857.2774,113.5826,54.502803,180.538814,107.05974,216.0,58.134681,180.0
525,236.8930206045969,39.87634047309021,66.91076744526752,2025W27_1A_0255_1,60857.2774,113.5826,54.502803,180.538814,107.05974,216.0,58.134681,180.0
526,2.179443290759836,21.540344311311816,338.7671494052481,2025W27_1A_0236_2,60857.19367,113.5826,41.337862,12.242596,57.798249,13.714286,18.046138,0.0
527,3.049990320366586,19.41363014454198,-42.20926521,2025W27_1A_0236_2,60857.19367,113.5826,41.337862,12.242596,57.798249,13.714286,18.046138,0.0
528,3.1783385220535862,20.32884790460054,-117.9955288,2025W27_1A_0236_2,60857.19367,113.5826,41.337862,12.242596,57.798249,13.714286,18.046138,0.0
529,214.0366207830349,65.00300040463821,115.8035837,2025W18_1B_0408_2,60796.2004,113.5826,74.2986,227.110991,89.926804,158.4,68.746816,180.0
530,215.1170148239836,63.38969022767164,102.24449594,2025W18_1B_0408_2,60796.2004,113.5826,74.2986,227.110991,89.926804,158.4,68.746816,180.0
531,218.0248792067485,60.53956159323824,57.4230512,2025W18_1B_0408_2,60796.2004,113.5826,74.2986,227.110991,89.926804,158.4,68.746816,180.0
532,182.2803004226033,-38.84612239,24.47088070000001,2025W27_1A_0217_3,60857.09323,113.5826,-48.922522,226.246851,35.966624,206.25,-33.244541,180.0
533,189.45837127610804,-41.51320081,-165.7648723,2025W27_1A_0217_3,60857.09323,113.5826,-48.922522,226.246851,35.966624,206.25,-33.244541,180.0
534,230.54421397748683,52.63856070172311,61.168629100000004,2025W27_1A_0319_2,60857.618,113.5826,48.897831,55.784144,83.850329,208.8,65.796816,180.0
535,237.48509237943253,47.63192680265895,70.97444226019938,2025W27_1A_0319_2,60857.618,113.5826,48.897831,55.784144,83.850329,208.8,65.796816,180.0
536,234.7705947467812,48.27608148317146,-111.2892969,2025W27_1A_0319_2,60857.618,113.5826,48.897831,55.784144,83.850329,208.8,65.796816,180.0
537,239.9872700816848,47.67407879898933,169.8598474453475,2025W27_1A_0319_2,60857.618,113.5826,48.897831,55.784144,83.850329,208.8,65.796816,180.0
538,188.6624352349141,49.606779587491474,-105.9861109,2025W18_1B_0398_1,60796.13396,113.5826,67.074351,240.496252,85.265778,159.493671,48.112545,180.0
539,192.52966204234968,49.06850459319731,71.63289687058075,2025W18_1B_0398_1,60796.13396,113.5826,67.074351,240.496252,85.265778,159.493671,48.112545,180.0
540,157.0966729655786,-10.30676254,0.5275019999999984,2025W18_1B_0400_1,60796.14738,113.5826,-2.819516,215.958409,49.784009,168.0,-18.046138,180.0
541,161.46032989745487,-11.05303024,212.4044488850668,2025W18_1B_0400_1,60796.14738,113.5826,-2.819516,215.958409,49.784009,168.0,-18.046138,180.0
542,162.55141364809745,-12.96644381,20.93018090000001,2025W18_1B_0400_1,60796.14738,113.5826,-2.819516,215.958409,49.784009,168.0,-18.046138,180.0
543,12.950999115310848,57.82989356708495,-39.85142096,2025W31_2A_0152_3,60888.31367,113.5826,80.095965,282.710147,76.206113,45.56962,48.309212,0.0
544,344.7952250088188,85.98493038805216,91.65757255,2025W38_1A_0005_1,60933.00941,113.5826,81.833153,8.198929,81.902405,93.6,68.156816,0.0
545,346.3284713641582,85.92928395,-85.484465,2025W38_1A_0005_1,60933.00941,113.5826,81.833153,8.198929,81.902405,93.6,68.156816,0.0
546,217.5701676930508,88.63967554,337.1789921732885,2025W38_1A_0005_1,60933.00941,113.5826,81.833153,8.198929,81.902405,93.6,68.156816,0.0
547,213.71556373389225,85.52166898527814,300.88578903658737,2025W38_1A_0005_1,60933.00941,113.5826,81.833153,8.198929,81.902405,93.6,68.156816,0.0
548,72.41110653847035,-20.81935218,107.45014031,2025W36_1A_0048_3,60919.20288,113.5826,-8.766678,16.935009,15.317911,74.482759,-41.693343,0.0
549,74.06136886765151,-19.52773343,-37.34460939,2025W36_1A_0048_3,60919.20288,113.5826,-8.766678,16.935009,15.317911,74.482759,-41.693343,0.0
550,74.58814841088527,-19.25203515,-37.9729037,2025W36_1A_0048_3,60919.20288,113.5826,-8.766678,16.935009,15.317911,74.482759,-41.693343,0.0
551,12.93618490141953,59.41978754119516,-69.06846511,2025W31_2A_0152_4,60888.31516,113.5826,81.90079,234.896991,86.04764,45.56962,48.505878,0.0
552,12.679612775736349,59.36067911402358,-51.41536149,2025W31_2A_0152_4,60888.31516,113.5826,81.90079,234.896991,86.04764,45.56962,48.505878,0.0
553,11.36919400507887,58.91790415322658,-54.1176287,2025W31_2A_0152_4,60888.31516,113.5826,81.90079,234.896991,86.04764,45.56962,48.505878,0.0
554,85.37864553303908,-55.69369668,162.79041493,2025W36_1A_0061_1,60919.26044,113.5826,-62.238269,10.364469,13.494299,51.428571,-79.225219,0.0
555,68.65387765321182,-60.57615019,-9.284217441,2025W36_1A_0061_1,60919.26044,113.5826,-62.238269,10.364469,13.494299,51.428571,-79.225219,0.0
556,273.2133278462261,6.514031088396077,354.0913314850286,2025W36_1A_0025_1,60919.10485,113.5826,-12.48643,229.174405,34.961337,273.75,30.491207,180.0
557,274.36684314714586,6.538003006839448,206.05382673383042,2025W36_1A_0025_1,60919.10485,113.5826,-12.48643,229.174405,34.961337,273.75,30.491207,180.0
558,223.5781852617787,15.946407170123877,191.35261033545532,2025W27_1A_0295_2,60857.48681,113.5826,24.801875,97.515051,91.937101,218.181818,30.231607,180.0
559,220.4825058097304,15.602654810790796,56.141549781120254,2025W27_1A_0295_2,60857.48681,113.5826,24.801875,97.515051,91.937101,218.181818,30.231607,180.0
560,228.05194256782465,12.967252140562094,212.08474268999998,2025W27_1A_0295_2,60857.48681,113.5826,24.801875,97.515051,91.937101,218.181818,30.231607,180.0
561,228.28388749939108,12.955583407804038,-168.6061053,2025W27_1A_0295_2,60857.48681,113.5826,24.801875,97.515051,91.937101,218.181818,30.231607,180.0
562,262.1759172836979,69.12638452,-121.0558242,2025W36_1A_0067_3,60919.29506,113.5826,58.014087,175.394578,109.551186,225.338136,88.964958,179.885744
563,266.8849341368502,65.4582435,-137.7584548,2025W36_1A_0067_3,60919.29506,113.5826,58.014087,175.394578,109.551186,225.338136,88.964958,179.885744
564,263.3958746094789,66.01534634569863,33.93573309999999,2025W36_1A_0067_3,60919.29506,113.5826,58.014087,175.394578,109.551186,225.338136,88.964958,179.885744
565,274.1833678087014,64.56926828575017,42.90156210000001,2025W36_1A_0067_3,60919.29506,113.5826,58.014087,175.394578,109.551186,225.338136,88.964958,179.885744
566,275.56227558640376,64.13941246717569,38.578254500000014,2025W36_1A_0067_3,60919.29506,113.5826,58.014087,175.394578,109.551186,225.338136,88.964958,179.885744
567,263.1673907321073,-83.20515298,139.0566843723696,2025W36_1A_0046_2,60919.18776,113.5826,-81.890689,100.189569,39.271447,276.0,-59.770948,180.0
568,261.91222837824824,-81.46542017,-166.334537,2025W36_1A_0046_2,60919.18776,113.5826,-81.890689,100.189569,39.271447,276.0,-59.770948,180.0
569,297.5239728275111,-80.82669876,124.91580815750004,2025W36_1A_0046_2,60919.18776,113.5826,-81.890689,100.189569,39.271447,276.0,-59.770948,180.0
570,315.6143260740089,-79.90502326,-36.8056479,2025W36_1A_0046_2,60919.18776,113.5826,-81.890689,100.189569,39.271447,276.0,-59.770948,180.0
571,155.89241443747423,-33.44186338,178.71832896759906,2025W22_2B_0445_1,60827.06363,113.5826,-30.928535,241.5238,20.440282,180.0,-38.680409,180.0
572,166.5572062081538,-37.85194609,16.298681700000003,2025W22_2B_0445_1,60827.06363,113.5826,-30.928535,241.5238,20.440282,180.0,-38.680409,180.0
573,69.32571204830347,-38.53914402,160.49169202,2025W38_1A_0041_1,60933.1281,113.5826,-3.886182,43.082824,33.907011,66.461538,-58.528014,0.0
574,273.9094714265433,67.25606440531632,126.21776334816887,2025W27_1A_0238_3,60857.20428,113.5826,79.389931,243.868353,86.551816,45.622936,86.008921,298.646908
575,272.4921580244462,66.52712411290328,78.6419898,2025W27_1A_0238_3,60857.20428,113.5826,79.389931,243.868353,86.551816,45.622936,86.008921,298.646908
576,197.85070902879124,-27.68384229,209.24446791121096,2025W27_1A_0272_2,60857.36221,113.5826,-34.650157,133.095147,84.982697,212.571429,-18.046138,180.0
577,207.40429162783337,-30.95164961,190.24858907478122,2025W27_1A_0272_2,60857.36221,113.5826,-34.650157,133.095147,84.982697,212.571429,-18.046138,180.0
578,5.8603420867207445,26.746531288408523,-6.809050522,2025W27_1A_0211_1,60857.05853,113.5826,44.866636,59.977387,83.629724,13.980583,23.222406,0.0
579,154.10276912765448,3.304391825494451,24.966135199999997,2025W18_1B_0379_4,60796.01229,113.5826,-6.44978,264.115779,7.769481,160.0,-7.174402,180.0
580,155.55870778806846,2.908756045916081,-154.3199585,2025W18_1B_0379_4,60796.01229,113.5826,-6.44978,264.115779,7.769481,160.0,-7.174402,180.0
581,155.40108788809974,1.6593136438057028,26.224243400000006,2025W18_1B_0379_4,60796.01229,113.5826,-6.44978,264.115779,7.769481,160.0,-7.174402,180.0
582,156.37327848735097,1.6011291960945608,30.303530599999988,2025W18_1B_0379_4,60796.01229,113.5826,-6.44978,264.115779,7.769481,160.0,-7.174402,180.0
583,156.2198919365641,1.2107028640465702,-153.6248314,2025W18_1B_0379_4,60796.01229,113.5826,-6.44978,264.115779,7.769481,160.0,-7.174402,180.0
584,153.81142219893155,1.599029871269381,25.5285758,2025W18_1B_0379_4,60796.01229,113.5826,-6.44978,264.115779,7.769481,160.0,-7.174402,180.0
585,157.86608287127189,0.6381519771018123,-162.3270093,2025W18_1B_0379_4,60796.01229,113.5826,-6.44978,264.115779,7.769481,160.0,-7.174402,180.0
586,158.45942276861905,1.2602092812196068,-154.555065,2025W18_1B_0379_4,60796.01229,113.5826,-6.44978,264.115779,7.769481,160.0,-7.174402,180.0
587,158.3267614070271,1.2057438659460733,-154.026081,2025W18_1B_0379_4,60796.01229,113.5826,-6.44978,264.115779,7.769481,160.0,-7.174402,180.0
588,160.1542482538118,2.2965647050602933,24.8510426,2025W18_1B_0379_4,60796.01229,113.5826,-6.44978,264.115779,7.769481,160.0,-7.174402,180.0
589,160.3909194899898,1.5520199062507511,24.919895499999996,2025W18_1B_0379_4,60796.01229,113.5826,-6.44978,264.115779,7.769481,160.0,-7.174402,180.0
590,161.38025449548047,1.4927835060955073,22.90526059999999,2025W18_1B_0379_4,60796.01229,113.5826,-6.44978,264.115779,7.769481,160.0,-7.174402,180.0
591,161.73391646083175,1.2831462581215858,24.7694123,2025W18_1B_0379_4,60796.01229,113.5826,-6.44978,264.115779,7.769481,160.0,-7.174402,180.0
592,161.91455538575616,1.1582402106918144,-153.5440436,2025W18_1B_0379_4,60796.01229,113.5826,-6.44978,264.115779,7.769481,160.0,-7.174402,180.0
593,161.65081972148076,-0.086780348,26.752493200000004,2025W18_1B_0379_4,60796.01229,113.5826,-6.44978,264.115779,7.769481,160.0,-7.174402,180.0
594,162.48634565662536,0.7208576820966555,212.45093694,2025W18_1B_0379_4,60796.01229,113.5826,-6.44978,264.115779,7.769481,160.0,-7.174402,180.0
595,158.37824503621712,-0.302966948,-158.6087682,2025W18_1B_0379_4,60796.01229,113.5826,-6.44978,264.115779,7.769481,160.0,-7.174402,180.0
596,163.7090493704001,0.7768067129595708,-152.7434091,2025W18_1B_0379_4,60796.01229,113.5826,-6.44978,264.115779,7.769481,160.0,-7.174402,180.0
597,93.42753247787005,-15.65632408,-43.13869835,2025W38_1A_0062_4,60933.19605,113.5826,-3.186625,18.484745,20.021857,88.0,-39.663743,0.0
598,196.63264223552432,-21.74801651,13.953978699999993,2025W27_1A_0297_1,60857.49404,113.5826,-12.893261,89.392668,65.597235,207.169811,-14.836537,180.0
599,202.44734332274663,-24.39582924,13.20311430000001,2025W27_1A_0297_1,60857.49404,113.5826,-12.893261,89.392668,65.597235,207.169811,-14.836537,180.0
600,322.5954093858186,-42.00817219,177.47876172731802,2025W18_1B_0394_4,60796.11083,113.5826,-11.354262,51.128552,36.014492,313.663366,-25.252006,0.0
601,43.01740800111984,10.47037040949438,-30.53342477,2025W31_2A_0190_3,60888.50913,113.5826,38.941688,259.136691,52.287388,43.333333,-4.358134,0.0
602,36.89530862555824,10.647840088358134,149.34633794,2025W31_2A_0190_3,60888.50913,113.5826,38.941688,259.136691,52.287388,43.333333,-4.358134,0.0
603,74.83785026156322,-56.00453847,79.37873553,2025W27_1A_0232_4,60857.17459,113.5826,-58.954678,39.663852,25.128927,36.075322,-80.381768,32.998534
604,87.03427782409963,-66.5238079,95.39018029,2025W22_2B_0447_2,60827.07403,113.5826,-81.243711,177.379937,37.741507,42.863008,-86.084892,56.666457
605,85.07002298878433,-64.57543055,102.24013564,2025W22_2B_0447_2,60827.07403,113.5826,-81.243711,177.379937,37.741507,42.863008,-86.084892,56.666457
606,82.23318340958517,-61.23719098,-112.1466031,2025W22_2B_0447_2,60827.07403,113.5826,-81.243711,177.379937,37.741507,42.863008,-86.084892,56.666457
607,79.55113731889533,-58.57180555,82.30520988,2025W22_2B_0447_2,60827.07403,113.5826,-81.243711,177.379937,37.741507,42.863008,-86.084892,56.666457
608,73.11120640214295,-11.38681742,151.60606784,2025W38_1A_0020_1,60933.06434,113.5826,18.557005,62.764354,62.894185,65.806452,-35.077475,0.0
609,74.43036657203045,-13.02931134,134.86878824000001,2025W38_1A_0020_1,60933.06434,113.5826,18.557005,62.764354,62.894185,65.806452,-35.077475,0.0
610,69.52309850088022,-14.94993689,-54.08226588,2025W38_1A_0020_1,60933.06434,113.5826,18.557005,62.764354,62.894185,65.806452,-35.077475,0.0
611,68.22165816234919,-14.30100765,176.26743897,2025W38_1A_0020_1,60933.06434,113.5826,18.557005,62.764354,62.894185,65.806452,-35.077475,0.0
612,67.68037799,-14.41498353,167.16602754,2025W38_1A_0020_1,60933.06434,113.5826,18.557005,62.764354,62.894185,65.806452,-35.077475,0.0
613,66.34006736812688,-14.68035722,-43.97046113,2025W38_1A_0020_1,60933.06434,113.5826,18.557005,62.764354,62.894185,65.806452,-35.077475,0.0
614,38.18931174270912,17.245306889966898,184.85448032924688,2025W31_2A_0177_3,60888.44152,113.5826,40.695406,283.048576,45.454372,40.0,2.784801,0.0
615,14.327043620054187,-2.375203637,151.28003980896983,2025W27_1A_0278_2,60857.39182,113.5826,11.821364,306.298988,9.130042,10.0,-9.007335,0.0
616,16.222584008538302,-4.001985719,354.0381989687164,2025W27_1A_0278_2,60857.39182,113.5826,11.821364,306.298988,9.130042,10.0,-9.007335,0.0
617,13.399652021471528,-5.229698913,347.97277512189584,2025W27_1A_0278_2,60857.39182,113.5826,11.821364,306.298988,9.130042,10.0,-9.007335,0.0
618,12.658439420899924,-4.133380576,148.71763753568283,2025W27_1A_0278_2,60857.39182,113.5826,11.821364,306.298988,9.130042,10.0,-9.007335,0.0
619,11.00070628449471,-4.625626446,159.36293501652804,2025W27_1A_0278_2,60857.39182,113.5826,11.821364,306.298988,9.130042,10.0,-9.007335,0.0
620,11.664696138182236,-5.30372566,150.57073316260986,2025W27_1A_0278_2,60857.39182,113.5826,11.821364,306.298988,9.130042,10.0,-9.007335,0.0
621,269.37281673380545,65.84063018027528,75.4710945,2025W27_1A_0213_2,60857.06912,113.5826,76.748742,280.655154,80.825551,164.372611,89.555655,179.955747
622,221.41167683019813,13.90982024,205.14029924234387,2025W27_1A_0270_1,60857.35048,113.5826,27.317316,147.036226,128.48123,218.181818,28.068273,180.0
623,162.0857588209439,-13.4916316,344.73539619964936,2025W18_1B_0390_4,60796.08381,113.5826,-25.235087,235.491689,26.363576,164.571429,-19.619471,180.0
624,162.40053988908218,-13.91077305,359.9838410595196,2025W18_1B_0390_4,60796.08381,113.5826,-25.235087,235.491689,26.363576,164.571429,-19.619471,180.0
625,159.62290761842985,-10.9581022,5.9265219000000116,2025W18_1B_0390_4,60796.08381,113.5826,-25.235087,235.491689,26.363576,164.571429,-19.619471,180.0
626,73.01185594176405,-18.20421992,143.2572888,2025W36_1A_0048_2,60919.20139,113.5826,-16.060235,18.507041,8.094485,74.482759,-41.89001,0.0
627,73.57702212985274,-17.99902183,143.18094124,2025W36_1A_0048_2,60919.20139,113.5826,-16.060235,18.507041,8.094485,74.482759,-41.89001,0.0
628,219.55375238761587,60.47149414819727,85.86922026,2025W18_1B_0408_4,60796.20339,113.5826,59.45833,209.900509,92.429799,158.4,68.353483,180.0
629,217.75290652682511,59.392711102989566,95.62046776,2025W18_1B_0408_4,60796.20339,113.5826,59.45833,209.900509,92.429799,158.4,68.353483,180.0
630,194.2125282187237,7.648427645768693,-143.6208109,2025W22_2B_0443_2,60827.0548,113.5826,15.113148,251.660359,32.429735,188.411215,11.233603,180.0
631,194.47534782392475,4.911590148,215.6289307405747,2025W22_2B_0443_2,60827.0548,113.5826,15.113148,251.660359,32.429735,188.411215,11.233603,180.0
632,196.87905077446484,4.470630419680823,217.13089388241065,2025W22_2B_0443_2,60827.0548,113.5826,15.113148,251.660359,32.429735,188.411215,11.233603,180.0
633,10.14341970172153,23.07034091206133,0.28219830000000456,2025W27_1A_0236_4,60857.19665,113.5826,55.719545,6.469248,66.469926,13.714286,18.439471,0.0
634,8.93068405,22.603213015108352,275.02188557,2025W27_1A_0236_4,60857.19665,113.5826,55.719545,6.469248,66.469926,13.714286,18.439471,0.0
635,2.0233278870408173,22.02426653748392,165.96037040630452,2025W27_1A_0236_4,60857.19665,113.5826,55.719545,6.469248,66.469926,13.714286,18.439471,0.0
636,284.57524948143384,22.375560881842823,41.9086767,2025W36_1A_0040_1,60919.16452,113.5826,30.498904,214.175366,67.579519,281.927711,45.689611,180.0
637,304.8718143978905,55.458396435729775,-162.6544102,2025W27_1A_0293_1,60857.47297,113.5826,78.206174,236.762228,86.593998,344.0,69.203083,0.0
638,196.3969812,-41.75146916,-179.008674,2025W27_1A_0217_2,60857.09174,113.5826,-40.498091,229.202862,33.295129,206.25,-33.047875,180.0
639,207.60350661943087,69.68326875578563,34.1902384,2025W18_1B_0408_3,60796.2019,113.5826,67.63764,216.647366,93.681521,158.4,68.55015,180.0
640,217.0774833176745,60.371622297949415,-93.65493355,2025W18_1B_0408_3,60796.2019,113.5826,67.63764,216.647366,93.681521,158.4,68.55015,180.0
641,17.978305969550085,69.76163588075708,351.54413057783165,2025W31_2A_0118_3,60888.11156,113.5826,81.446517,297.131725,82.138348,46.285714,55.908413,0.0
642,16.416954393017015,69.47535481,349.67418932369804,2025W31_2A_0118_3,60888.11156,113.5826,81.446517,297.131725,82.138348,46.285714,55.908413,0.0
643,16.16653707034299,69.34930684035658,-28.42220968,2025W31_2A_0118_3,60888.11156,113.5826,81.446517,297.131725,82.138348,46.285714,55.908413,0.0
644,9.554280444147649,69.12415145244618,160.57801842523716,2025W31_2A_0118_3,60888.11156,113.5826,81.446517,297.131725,82.138348,46.285714,55.908413,0.0
645,159.15592747702237,-10.92704035,-177.5553086,2025W18_1B_0390_3,60796.08232,113.5826,-17.972121,237.170723,26.323625,164.571429,-19.422805,180.0
646,162.8779170914157,-12.9384343,356.01898072158554,2025W18_1B_0390_3,60796.08232,113.5826,-17.972121,237.170723,26.323625,164.571429,-19.422805,180.0
647,42.81698374257613,1.3654804678404426,2.584749600000009,2025W31_2A_0139_2,60888.2322,113.5826,12.02615,3.584445,28.324985,40.754717,-14.63987,0.0
648,44.82720737104659,0.1517792607177406,151.84491241,2025W31_2A_0139_2,60888.2322,113.5826,12.02615,3.584445,28.324985,40.754717,-14.63987,0.0
649,41.785147952243655,-0.478924428,-30.32450807,2025W31_2A_0139_2,60888.2322,113.5826,12.02615,3.584445,28.324985,40.754717,-14.63987,0.0
650,38.23158802961847,-1.859194624,-29.59856048,2025W31_2A_0139_2,60888.2322,113.5826,12.02615,3.584445,28.324985,40.754717,-14.63987,0.0
651,40.13620707305998,1.6334266395073107,330.7110137152813,2025W31_2A_0139_2,60888.2322,113.5826,12.02615,3.584445,28.324985,40.754717,-14.63987,0.0
652,10.745461506087173,59.210848115066014,140.26003908,2025W31_2A_0152_2,60888.31218,113.5826,73.478433,308.401703,67.943608,45.56962,48.112545,0.0
653,60.22423831363331,-82.91881048,-15.37441382,2025W36_1A_0029_2,60919.11995,113.5826,-81.776576,120.962698,42.386647,272.0,-71.563084,180.0
654,58.01009097,-82.32811962,-160.5198633,2025W36_1A_0029_2,60919.11995,113.5826,-81.776576,120.962698,42.386647,272.0,-71.563084,180.0
655,49.25433900121929,-81.24562352,43.3020884,2025W36_1A_0029_2,60919.11995,113.5826,-81.776576,120.962698,42.386647,272.0,-71.563084,180.0
656,32.74682858723138,-83.10883297,23.058711915642537,2025W36_1A_0029_2,60919.11995,113.5826,-81.776576,120.962698,42.386647,272.0,-71.563084,180.0
657,121.60274767736772,-83.79026923,-151.6860816,2025W36_1A_0029_2,60919.11995,113.5826,-81.776576,120.962698,42.386647,272.0,-71.563084,180.0
658,10.859852937119037,56.113263648197226,94.06530428,2025W31_2A_0179_4,60888.45172,113.5826,80.444677,162.483991,97.690607,45.56962,47.522545,0.0
659,261.581971,62.74904454,126.7693686,2025W22_2B_0441_1,60827.03946,113.5826,79.108629,28.469006,83.303599,218.393348,86.472053,97.264698
660,256.18609019444847,60.68889329399202,96.0328453,2025W22_2B_0441_1,60827.03946,113.5826,79.108629,28.469006,83.303599,218.393348,86.472053,97.264698
661,10.579605194436803,1.380269718703693,-24.09290743,2025W27_1A_0291_2,60857.46085,113.5826,17.326474,280.642888,23.850873,6.666667,-2.391467,0.0
662,10.14123484364012,2.361417502817774,338.5606323810333,2025W27_1A_0291_2,60857.46085,113.5826,17.326474,280.642888,23.850873,6.666667,-2.391467,0.0
663,2.1054294367702706,-0.074411079,-31.75297029,2025W27_1A_0291_2,60857.46085,113.5826,17.326474,280.642888,23.850873,6.666667,-2.391467,0.0
664,2.700928264,-2.966829699,148.955079,2025W27_1A_0291_2,60857.46085,113.5826,17.326474,280.642888,23.850873,6.666667,-2.391467,0.0
665,270.0943385795654,58.48141597401092,-135.2658567,2025W38_1A_0007_4,60933.02274,113.5826,21.636938,263.636456,34.171848,270.0,80.601886,180.0
666,266.46803311784635,70.38697760201374,180.5284372243725,2025W36_1A_0021_1,60919.08702,113.5826,78.680774,281.693065,83.240513,43.322278,85.329122,48.56335
667,265.4423351921183,69.54038326125828,303.74923688712335,2025W36_1A_0021_1,60919.08702,113.5826,78.680774,281.693065,83.240513,43.322278,85.329122,48.56335
668,277.1112195240857,69.53046081215331,86.25010965,2025W36_1A_0021_1,60919.08702,113.5826,78.680774,281.693065,83.240513,43.322278,85.329122,48.56335
669,293.0449606274402,67.66999651506586,201.11072787764166,2025W36_1A_0021_1,60919.08702,113.5826,78.680774,281.693065,83.240513,43.322278,85.329122,48.56335
670,293.66151503740923,67.64642235353347,41.66884379999999,2025W36_1A_0021_1,60919.08702,113.5826,78.680774,281.693065,83.240513,43.322278,85.329122,48.56335
671,141.55613875836582,-78.22589879,232.50420173999998,2025W31_2A_0098_1,60888.00937,113.5826,-81.967846,167.812258,36.443315,240.0,-70.776417,180.0
672,149.29141210467492,-81.45811417,-117.2607016,2025W31_2A_0098_1,60888.00937,113.5826,-81.967846,167.812258,36.443315,240.0,-70.776417,180.0
673,149.28083212169804,-81.34582796,-77.47971566,2025W31_2A_0098_1,60888.00937,113.5826,-81.967846,167.812258,36.443315,240.0,-70.776417,180.0
674,87.56935955054854,-62.96932198,52.35859936468864,2025W18_1B_0402_4,60796.16548,113.5826,-78.588891,73.71916,38.539209,65.80612,-85.098475,113.377596
675,95.00525607895231,-64.57945535,-176.4813372,2025W18_1B_0402_4,60796.16548,113.5826,-78.588891,73.71916,38.539209,65.80612,-85.098475,113.377596
676,220.5926528311236,12.78759328589164,-158.449413,2025W27_1A_0215_1,60857.07987,113.5826,21.43738,243.45904,41.919582,218.181818,27.478273,180.0
677,224.4562986574655,12.155777852041744,18.436821600000002,2025W27_1A_0215_1,60857.07987,113.5826,21.43738,243.45904,41.919582,218.181818,27.478273,180.0
678,21.85872625,59.77777607755608,345.98538715277823,2025W31_2A_0179_3,60888.45023,113.5826,81.770027,211.534947,89.528704,45.56962,47.325878,0.0
679,88.14579571863122,-61.42888288,13.931935399999986,2025W18_1B_0402_3,60796.16399,113.5826,-82.030308,122.934425,41.066612,67.863343,-85.019218,115.471727
680,89.48637827846683,-62.13443823,-118.3336441,2025W18_1B_0402_3,60796.16399,113.5826,-82.030308,122.934425,41.066612,67.863343,-85.019218,115.471727
681,269.9901657488954,56.91147524595488,261.86786543221604,2025W38_1A_0007_3,60933.02125,113.5826,28.905188,265.384902,41.812592,270.0,80.798553,180.0
682,45.5324079,6.766798757611386,-21.2778497,2025W31_2A_0150_1,60888.29732,113.5826,-3.078513,342.307036,5.660961,40.0,-9.204002,0.0
683,43.44644366,7.087507083582762,-24.40684442,2025W31_2A_0150_1,60888.29732,113.5826,-3.078513,342.307036,5.660961,40.0,-9.204002,0.0
684,36.15909062475511,6.113951477,149.64119181,2025W31_2A_0150_1,60888.29732,113.5826,-3.078513,342.307036,5.660961,40.0,-9.204002,0.0
685,17.924506588099625,-3.498011641,331.8304586783728,2025W27_1A_0278_3,60857.39331,113.5826,19.099441,304.70041,16.344835,10.0,-8.810669,0.0
686,15.123958038788324,-3.837370183,151.40916713788295,2025W27_1A_0278_3,60857.39331,113.5826,19.099441,304.70041,16.344835,10.0,-8.810669,0.0
687,13.356613489581411,-5.282978621,328.13297141387324,2025W27_1A_0278_3,60857.39331,113.5826,19.099441,304.70041,16.344835,10.0,-8.810669,0.0
688,11.5003015,-5.911083807,338.1788067831102,2025W27_1A_0278_3,60857.39331,113.5826,19.099441,304.70041,16.344835,10.0,-8.810669,0.0
689,11.76223437050278,-4.417648863,348.68030605774175,2025W27_1A_0278_3,60857.39331,113.5826,19.099441,304.70041,16.344835,10.0,-8.810669,0.0
690,13.385191498113208,-2.414719885,337.89219593321184,2025W27_1A_0278_3,60857.39331,113.5826,19.099441,304.70041,16.344835,10.0,-8.810669,0.0
691,9.320615315065616,-4.032676497,329.4395800918712,2025W27_1A_0278_3,60857.39331,113.5826,19.099441,304.70041,16.344835,10.0,-8.810669,0.0
692,8.759115576896697,-4.149238651,149.15829950537614,2025W27_1A_0278_3,60857.39331,113.5826,19.099441,304.70041,16.344835,10.0,-8.810669,0.0
693,85.43479614689242,-17.61479491,155.72727101,2025W38_1A_0062_2,60933.19307,113.5826,-19.004176,21.883508,8.426012,88.0,-40.057076,0.0
694,341.2981947042871,-51.3155918,-26.36077166,2025W18_1B_0404_1,60796.17425,113.5826,-34.959582,32.298141,13.703114,316.0,-38.287076,0.0
695,328.4986799482858,-54.5111373,-166.1503364,2025W18_1B_0404_1,60796.17425,113.5826,-34.959582,32.298141,13.703114,316.0,-38.287076,0.0
696,328.0088115415226,-54.98868296,41.64159029999999,2025W18_1B_0404_1,60796.17425,113.5826,-34.959582,32.298141,13.703114,316.0,-38.287076,0.0
697,328.3284859,-54.88525406,18.083427,2025W18_1B_0404_1,60796.17425,113.5826,-34.959582,32.298141,13.703114,316.0,-38.287076,0.0
698,8.165358171655065,18.03593899,168.46495399035263,2025W27_1A_0251_1,60857.25921,113.5826,28.698292,351.335619,36.279466,10.093458,14.183603,0.0
699,4.569677175562726,18.17173320495929,320.63743772206044,2025W27_1A_0251_1,60857.25921,113.5826,28.698292,351.335619,36.279466,10.093458,14.183603,0.0
700,359.8842205660835,16.132231740426487,163.1200590858428,2025W27_1A_0251_1,60857.25921,113.5826,28.698292,351.335619,36.279466,10.093458,14.183603,0.0
701,329.11894390659967,-40.84158213,163.91162273999998,2025W18_1B_0394_2,60796.10783,113.5826,-27.113806,54.708753,34.800575,313.663366,-25.645339,0.0
702,324.17518614626573,-42.57565719,-33.76182971,2025W18_1B_0394_2,60796.10783,113.5826,-27.113806,54.708753,34.800575,313.663366,-25.645339,0.0
703,270.6447925919156,71.35748757727106,68.2726447,2025W27_1A_0213_3,60857.07061,113.5826,69.253993,265.309055,78.36975,164.171875,89.35904,180.156483
704,274.4809993737153,69.42613290337705,102.43802388,2025W27_1A_0213_3,60857.07061,113.5826,69.253993,265.309055,78.36975,164.171875,89.35904,180.156483
705,275.2143172276189,70.95886680029292,153.62046079434765,2025W27_1A_0213_3,60857.07061,113.5826,69.253993,265.309055,78.36975,164.171875,89.35904,180.156483
706,268.87236058153775,66.99312156959402,-142.3986596,2025W27_1A_0213_3,60857.07061,113.5826,69.253993,265.309055,78.36975,164.171875,89.35904,180.156483
707,83.59730624723582,-63.649779,-96.51293756,2025W22_2B_0447_4,60827.07701,113.5826,-75.415168,94.000184,44.147582,38.292158,-85.853444,52.141404
708,75.77588383343233,-58.71768982,265.90443192,2025W27_1A_0232_2,60857.17161,113.5826,-73.780927,56.050855,34.522089,37.413486,-80.709122,34.296204
709,73.55824852315311,64.82222700722171,179.48808357850356,2025W36_1A_0006_2,60919.01759,113.5826,82.039087,352.413516,81.277163,74.482759,42.48001,0.0
710,75.32580331086109,66.83206374045872,144.2299071,2025W36_1A_0006_2,60919.01759,113.5826,82.039087,352.413516,81.277163,74.482759,42.48001,0.0
711,63.48058418729247,65.38012777079905,348.81987987513486,2025W36_1A_0006_2,60919.01759,113.5826,82.039087,352.413516,81.277163,74.482759,42.48001,0.0
712,54.79143000301642,64.92500819457817,83.05658698,2025W36_1A_0006_2,60919.01759,113.5826,82.039087,352.413516,81.277163,74.482759,42.48001,0.0
713,71.31873247587906,50.583505716856656,238.83549627858326,2025W36_1A_0065_1,60919.28012,113.5826,40.573651,340.984566,40.201734,72.727273,28.85494,0.0
714,93.15954049,-57.12733295,-61.42570064,2025W31_2A_0198_1,60888.55461,113.5826,-76.184584,283.86884,19.825773,77.598216,-83.124214,40.174914
715,268.8347295729005,71.71617209,-103.0759112,2025W27_1A_0213_4,60857.07211,113.5826,62.330732,258.612549,74.11964,164.293119,89.163819,180.035239
716,268.79300139199813,66.52750931933991,73.5949384,2025W27_1A_0213_4,60857.07211,113.5826,62.330732,258.612549,74.11964,164.293119,89.163819,180.035239
717,266.2924675654307,62.93326464099149,-99.3108107,2025W27_1A_0213_4,60857.07211,113.5826,62.330732,258.612549,74.11964,164.293119,89.163819,180.035239
718,83.31784392685783,-58.26748804,-100.0675601,2025W22_2B_0447_3,60827.07552,113.5826,-81.233192,127.127604,41.275046,40.530126,-85.973666,54.322079
719,79.62416899,-63.00936111,334.5334446182915,2025W22_2B_0447_3,60827.07552,113.5826,-81.233192,127.127604,41.275046,40.530126,-85.973666,54.322079
720,81.39482150623122,-67.31104167,85.19013338,2025W22_2B_0447_3,60827.07552,113.5826,-81.233192,127.127604,41.275046,40.530126,-85.973666,54.322079
721,47.172444254259375,12.717269842171032,163.89708912,2025W31_2A_0190_2,60888.50764,113.5826,31.680934,261.174326,43.583976,43.333333,-4.554801,0.0
722,42.38169459154282,11.54331639547956,-29.93681333,2025W31_2A_0190_2,60888.50764,113.5826,31.680934,261.174326,43.583976,43.333333,-4.554801,0.0
723,279.8476822482948,67.94653955915395,-115.1918718,2025W27_1A_0238_2,60857.20278,113.5826,82.030299,288.435716,79.424923,43.203162,85.909982,301.060672
724,276.6703567,65.17583342743268,-57.46317826,2025W27_1A_0238_2,60857.20278,113.5826,82.030299,288.435716,79.424923,43.203162,85.909982,301.060672
725,276.3085020751073,64.82710327173642,279.3500505731489,2025W27_1A_0238_2,60857.20278,113.5826,82.030299,288.435716,79.424923,43.203162,85.909982,301.060672
726,122.63467084869058,-69.60549672,32.63697189999999,2025W27_1A_0219_3,60857.10195,113.5826,-80.640323,110.429154,42.441272,207.272727,-77.588952,180.0
727,123.02997134069464,-70.52596633,-106.5196169,2025W27_1A_0219_3,60857.10195,113.5826,-80.640323,110.429154,42.441272,207.272727,-77.588952,180.0
728,301.23715820125216,-83.19501238,-134.906211,2025W36_1A_0046_4,60919.19075,113.5826,-70.894188,43.853431,30.599058,276.0,-60.164281,180.0
729,72.22581387105275,-59.29458246,-63.21376901,2025W31_2A_0137_3,60888.22028,113.5826,-50.798148,19.502389,9.956889,62.556954,-79.264647,21.099792
730,339.20597398718064,-82.30447623,101.2132423,2025W38_1A_0060_1,60933.17948,113.5826,-81.890309,124.996729,40.49381,288.0,-63.767215,180.0
731,352.7258332,-78.41215699,266.2107301370155,2025W38_1A_0060_1,60933.17948,113.5826,-81.890309,124.996729,40.49381,288.0,-63.767215,180.0
732,351.25312411366104,-78.81546986,149.94602268043062,2025W38_1A_0060_1,60933.17948,113.5826,-81.890309,124.996729,40.49381,288.0,-63.767215,180.0
733,186.4235084077427,-45.37100403,7.005498700000004,2025W27_1A_0230_1,60857.15963,113.5826,-39.939507,204.91877,53.593865,208.0,-38.680409,180.0
734,75.56754768123156,-59.97363635,-53.69847391,2025W31_2A_0137_4,60888.22177,113.5826,-42.421149,16.387439,4.027716,62.191036,-79.083507,20.724793
735,254.8411343530868,-84.25917233,354.69452479815584,2025W36_1A_0046_3,60919.18925,113.5826,-78.104056,62.230673,34.929729,276.0,-59.967614,180.0
736,222.2696803045036,16.77893622433052,-125.5968208,2025W27_1A_0295_3,60857.4883,113.5826,17.5128,95.839047,85.973468,218.181818,30.034941,180.0
737,220.3450561166236,14.97856573184552,-130.9291881,2025W27_1A_0295_3,60857.4883,113.5826,17.5128,95.839047,85.973468,218.181818,30.034941,180.0
738,225.7545039282925,12.591170695312602,91.90257883706892,2025W27_1A_0295_3,60857.4883,113.5826,17.5128,95.839047,85.973468,218.181818,30.034941,180.0
739,228.8675312354355,14.309322537518376,28.1045857,2025W27_1A_0295_3,60857.4883,113.5826,17.5128,95.839047,85.973468,218.181818,30.034941,180.0
740,66.52624778504324,42.628823771430845,161.24010278,2025W36_1A_0004_1,60919.00766,113.5826,36.623356,79.98315,87.093384,72.0,20.209472,0.0
741,207.5813169404957,-31.71430487,169.43606901,2025W27_1A_0272_4,60857.36519,113.5826,-50.314295,127.855087,68.697092,212.571429,-18.439471,180.0
742,4.481477750102952,74.43086401419822,-28.69352734,2025W31_2A_0192_1,60888.51807,113.5826,81.61473,190.806356,94.601035,48.0,62.130948,0.0
743,164.09073531370623,-0.499471719,-145.0596511,2025W18_1B_0379_2,60796.00931,113.5826,9.33819,267.422162,21.190785,160.0,-6.781068,180.0
744,163.20622720578288,-0.842630763,-148.860991,2025W18_1B_0379_2,60796.00931,113.5826,9.33819,267.422162,21.190785,160.0,-6.781068,180.0
745,162.5617758373552,-1.501893706,-145.9526091,2025W18_1B_0379_2,60796.00931,113.5826,9.33819,267.422162,21.190785,160.0,-6.781068,180.0
746,162.41789952280288,-1.560806493,-148.5758786,2025W18_1B_0379_2,60796.00931,113.5826,9.33819,267.422162,21.190785,160.0,-6.781068,180.0
747,164.65581885578092,0.5914640119099428,12.022426700000011,2025W18_1B_0379_2,60796.00931,113.5826,9.33819,267.422162,21.190785,160.0,-6.781068,180.0
748,158.88281278559128,0.1774640745743804,32.2963359,2025W18_1B_0379_2,60796.00931,113.5826,9.33819,267.422162,21.190785,160.0,-6.781068,180.0
749,160.97413435762076,2.388964122787419,-145.9367752,2025W18_1B_0379_2,60796.00931,113.5826,9.33819,267.422162,21.190785,160.0,-6.781068,180.0
750,156.5239666449655,1.3397198611052388,31.809666399999998,2025W18_1B_0379_2,60796.00931,113.5826,9.33819,267.422162,21.190785,160.0,-6.781068,180.0
751,155.0845362380321,4.082384753,-157.3624392,2025W18_1B_0379_2,60796.00931,113.5826,9.33819,267.422162,21.190785,160.0,-6.781068,180.0
752,156.7421177806556,-27.69945486,-126.2577529,2025W18_1B_0380_4,60796.01897,113.5826,-41.51341,255.495922,12.222296,170.322581,-35.274142,180.0
753,278.50110574177484,67.60702614301725,-50.57515126,2025W22_2B_0453_2,60827.10673,113.5826,76.848469,14.065224,82.147478,315.647248,87.889184,0.024393
754,349.0588239563815,-5.421712001,-16.92072218,2025W22_2B_0438_2,60827.02519,113.5826,7.475644,79.111053,69.161381,343.333333,0.558533,0.0
755,348.11376775141974,-5.902600828,-40.04659703,2025W22_2B_0438_2,60827.02519,113.5826,7.475644,79.111053,69.161381,343.333333,0.558533,0.0
756,347.7726716441076,-6.153747912,-27.46109497,2025W22_2B_0438_2,60827.02519,113.5826,7.475644,79.111053,69.161381,343.333333,0.558533,0.0
757,347.3168589652895,-3.269534637,337.6361385079042,2025W22_2B_0438_2,60827.02519,113.5826,7.475644,79.111053,69.161381,343.333333,0.558533,0.0
758,346.3255485943505,-6.569467122,353.1078891160274,2025W22_2B_0438_2,60827.02519,113.5826,7.475644,79.111053,69.161381,343.333333,0.558533,0.0
759,345.98350248811494,-6.720816991,-59.20685281,2025W22_2B_0438_2,60827.02519,113.5826,7.475644,79.111053,69.161381,343.333333,0.558533,0.0
760,346.25309285805093,-6.925667289,-31.51384842,2025W22_2B_0438_2,60827.02519,113.5826,7.475644,79.111053,69.161381,343.333333,0.558533,0.0
761,347.6919625242552,-3.078200228,329.2122331038346,2025W22_2B_0438_2,60827.02519,113.5826,7.475644,79.111053,69.161381,343.333333,0.558533,0.0
762,345.27757121282536,-4.648502594,145.20153469000002,2025W22_2B_0438_2,60827.02519,113.5826,7.475644,79.111053,69.161381,343.333333,0.558533,0.0
763,341.92842906231897,-7.433033838,-28.46722777,2025W22_2B_0438_2,60827.02519,113.5826,7.475644,79.111053,69.161381,343.333333,0.558533,0.0
764,342.1641117055168,-6.8465939,-20.03528219,2025W22_2B_0438_2,60827.02519,113.5826,7.475644,79.111053,69.161381,343.333333,0.558533,0.0
765,342.24211797784744,-6.767068131,159.94528207,2025W22_2B_0438_2,60827.02519,113.5826,7.475644,79.111053,69.161381,343.333333,0.558533,0.0
766,341.14306508120734,-6.381739218,150.21795881,2025W22_2B_0438_2,60827.02519,113.5826,7.475644,79.111053,69.161381,343.333333,0.558533,0.0
767,340.40248974543914,-6.272118571,148.20249032,2025W22_2B_0438_2,60827.02519,113.5826,7.475644,79.111053,69.161381,343.333333,0.558533,0.0
768,220.7551527098824,7.374957833530187,22.660704357081467,2025W27_1A_0283_1,60857.41994,113.5826,19.381306,120.712601,110.467668,220.194175,22.632405,180.0
769,222.60563701776712,19.25116769252254,26.73931851756541,2025W27_1A_0320_1,60857.62021,113.5826,38.049206,52.093971,71.259332,216.774194,35.274142,180.0
770,222.2561460044193,20.86499770711943,203.28855060369938,2025W27_1A_0320_1,60857.62021,113.5826,38.049206,52.093971,71.259332,216.774194,35.274142,180.0
771,227.45990330066783,19.018667729804605,-122.2004113,2025W27_1A_0320_1,60857.62021,113.5826,38.049206,52.093971,71.259332,216.774194,35.274142,180.0
772,157.18285841111768,-27.95236383,167.48433785666475,2025W18_1B_0380_3,60796.01748,113.5826,-33.084853,257.961741,7.700353,170.322581,-35.077475,180.0
773,243.8029463247961,-13.42375504,23.237409200000002,2025W31_2A_0108_3,60888.06306,113.5826,-15.671909,243.961387,20.435523,246.666667,6.781068,180.0
774,240.86053494856853,-12.40569365,24.777230099999997,2025W31_2A_0108_3,60888.06306,113.5826,-15.671909,243.961387,20.435523,246.666667,6.781068,180.0
775,249.7647648332664,-14.5837319,358.5745042899685,2025W31_2A_0108_3,60888.06306,113.5826,-15.671909,243.961387,20.435523,246.666667,6.781068,180.0
776,248.70584502313497,-3.48695996,33.90439261541126,2025W31_2A_0121_1,60888.12625,113.5826,9.211201,224.758878,46.4461,250.285714,17.849471,180.0
777,247.0808045209316,-4.094754489,33.68195248644071,2025W31_2A_0121_1,60888.12625,113.5826,9.211201,224.758878,46.4461,250.285714,17.849471,180.0
778,246.3491113412732,-4.727254947,32.59984074555616,2025W31_2A_0121_1,60888.12625,113.5826,9.211201,224.758878,46.4461,250.285714,17.849471,180.0
779,247.1979202859117,-5.204019356,20.12805339,2025W31_2A_0121_1,60888.12625,113.5826,9.211201,224.758878,46.4461,250.285714,17.849471,180.0
780,250.86870186738213,-2.919059639,33.69353765463983,2025W31_2A_0121_1,60888.12625,113.5826,9.211201,224.758878,46.4461,250.285714,17.849471,180.0
781,255.2649005563508,-5.22057946,33.993569034967784,2025W31_2A_0121_1,60888.12625,113.5826,9.211201,224.758878,46.4461,250.285714,17.849471,180.0
782,209.07132229575075,-15.44650063,4.871814699999987,2025W27_1A_0309_3,60857.5627,113.5826,-17.188441,63.998211,42.793672,213.333333,-3.374801,180.0
783,211.49123931154512,-15.24608291,20.103298300000006,2025W27_1A_0309_3,60857.5627,113.5826,-17.188441,63.998211,42.793672,213.333333,-3.374801,180.0
784,332.49978167416066,16.773257550957016,167.45008672,2025W22_2B_0451_1,60827.0962,113.5826,22.711788,51.306396,59.09625,345.454545,27.281607,0.0
785,251.97840119272217,4.596245862125288,63.17541954974919,2025W31_2A_0169_4,60888.40011,113.5826,-2.001413,124.593891,105.333348,249.50495,26.628673,180.0
786,256.6861218,2.6315299099799376,-142.1313082,2025W31_2A_0169_4,60888.40011,113.5826,-2.001413,124.593891,105.333348,249.50495,26.628673,180.0
787,85.00715183248356,-60.30904581,112.48489940413162,2025W27_1A_0247_4,60857.24155,113.5826,-64.180088,18.950246,17.090086,51.138392,-83.464489,35.189548
788,8.905886286731873,-5.196014746,-32.55931811,2025W27_1A_0303_4,60857.53097,113.5826,28.87926,253.471408,43.131646,3.333333,-6.781068,0.0
789,8.666335057119987,-5.274147436,148.25241388,2025W27_1A_0303_4,60857.53097,113.5826,28.87926,253.471408,43.131646,3.333333,-6.781068,0.0
790,8.577776823451382,-5.245686454,147.18052360000001,2025W27_1A_0303_4,60857.53097,113.5826,28.87926,253.471408,43.131646,3.333333,-6.781068,0.0
791,8.486202405847143,-5.255119326,-32.50304348,2025W27_1A_0303_4,60857.53097,113.5826,28.87926,253.471408,43.131646,3.333333,-6.781068,0.0
792,8.317841011,-5.371267558,-32.89534034,2025W27_1A_0303_4,60857.53097,113.5826,28.87926,253.471408,43.131646,3.333333,-6.781068,0.0
793,8.313447789,-5.455673007,-32.9043642,2025W27_1A_0303_4,60857.53097,113.5826,28.87926,253.471408,43.131646,3.333333,-6.781068,0.0
794,6.399952013454215,-5.351075405,-34.18096317,2025W27_1A_0303_4,60857.53097,113.5826,28.87926,253.471408,43.131646,3.333333,-6.781068,0.0
795,6.128511386952659,-5.437677252,145.98158772,2025W27_1A_0303_4,60857.53097,113.5826,28.87926,253.471408,43.131646,3.333333,-6.781068,0.0
796,6.042687427241249,-5.482771589,-34.1414907,2025W27_1A_0303_4,60857.53097,113.5826,28.87926,253.471408,43.131646,3.333333,-6.781068,0.0
797,5.597132968513778,-3.451333473,145.765741,2025W27_1A_0303_4,60857.53097,113.5826,28.87926,253.471408,43.131646,3.333333,-6.781068,0.0
798,5.433860744794416,-3.513967948,143.05133978,2025W27_1A_0303_4,60857.53097,113.5826,28.87926,253.471408,43.131646,3.333333,-6.781068,0.0
799,3.9039475808854167,-3.9462829,143.23969788,2025W27_1A_0303_4,60857.53097,113.5826,28.87926,253.471408,43.131646,3.333333,-6.781068,0.0
800,3.5179622674321385,-5.298611114,-34.22761804,2025W27_1A_0303_4,60857.53097,113.5826,28.87926,253.471408,43.131646,3.333333,-6.781068,0.0
801,3.3990672293539816,-5.413563962,144.58929613,2025W27_1A_0303_4,60857.53097,113.5826,28.87926,253.471408,43.131646,3.333333,-6.781068,0.0
802,3.058925354,-5.800426435,160.01274498,2025W27_1A_0303_4,60857.53097,113.5826,28.87926,253.471408,43.131646,3.333333,-6.781068,0.0
803,2.331733955596246,-6.288597241,144.32607321,2025W27_1A_0303_4,60857.53097,113.5826,28.87926,253.471408,43.131646,3.333333,-6.781068,0.0
804,1.8351115757143224,-6.124972115,-38.95313603,2025W27_1A_0303_4,60857.53097,113.5826,28.87926,253.471408,43.131646,3.333333,-6.781068,0.0
805,1.6383835382252767,-6.317592334,141.58364494,2025W27_1A_0303_4,60857.53097,113.5826,28.87926,253.471408,43.131646,3.333333,-6.781068,0.0
806,0.4294418798975041,-5.555846012,-35.83102489,2025W27_1A_0303_4,60857.53097,113.5826,28.87926,253.471408,43.131646,3.333333,-6.781068,0.0
807,0.2273330819089842,-5.564053349,-35.90720865,2025W27_1A_0303_4,60857.53097,113.5826,28.87926,253.471408,43.131646,3.333333,-6.781068,0.0
808,0.1548027477209577,-5.606319164,143.94028459999998,2025W27_1A_0303_4,60857.53097,113.5826,28.87926,253.471408,43.131646,3.333333,-6.781068,0.0
809,0.9348598798827574,-7.831313417,147.59641319,2025W27_1A_0303_4,60857.53097,113.5826,28.87926,253.471408,43.131646,3.333333,-6.781068,0.0
810,88.85619909084966,-37.25346867,-79.46404151,2025W36_1A_0031_1,60919.13173,113.5826,-25.243306,45.063411,26.875598,78.0,-62.524282,0.0
811,74.50505641201265,64.06133354782511,165.86247272,2025W36_1A_0052_2,60919.22338,113.5826,76.692241,224.547129,89.418445,74.482759,41.30001,0.0
812,8.169624022727215,-3.234600073,147.8497238378245,2025W27_1A_0266_2,60857.32449,113.5826,14.806838,330.10863,12.867931,3.333333,-4.751468,0.0
813,8.082741394443609,-3.405702499,155.09335288764134,2025W27_1A_0266_2,60857.32449,113.5826,14.806838,330.10863,12.867931,3.333333,-4.751468,0.0
814,6.168636961611512,-2.713185165,329.29695168643354,2025W27_1A_0266_2,60857.32449,113.5826,14.806838,330.10863,12.867931,3.333333,-4.751468,0.0
815,6.226705386187316,-3.0034318,149.24229024482986,2025W27_1A_0266_2,60857.32449,113.5826,14.806838,330.10863,12.867931,3.333333,-4.751468,0.0
816,3.6027137091113515,-3.687099675,326.4102439291976,2025W27_1A_0266_2,60857.32449,113.5826,14.806838,330.10863,12.867931,3.333333,-4.751468,0.0
817,3.774350221857563,-4.306147408,149.35653950573078,2025W27_1A_0266_2,60857.32449,113.5826,14.806838,330.10863,12.867931,3.333333,-4.751468,0.0
818,4.792887099923288,-2.689581255,337.5234696121902,2025W27_1A_0266_2,60857.32449,113.5826,14.806838,330.10863,12.867931,3.333333,-4.751468,0.0
819,4.435083224686688,-2.402121365,326.3922943614378,2025W27_1A_0266_2,60857.32449,113.5826,14.806838,330.10863,12.867931,3.333333,-4.751468,0.0
820,3.0786747396346845,-2.928777971,338.1094404766246,2025W27_1A_0266_2,60857.32449,113.5826,14.806838,330.10863,12.867931,3.333333,-4.751468,0.0
821,0.6068702333763993,-3.491190632,328.8545633243066,2025W27_1A_0266_2,60857.32449,113.5826,14.806838,330.10863,12.867931,3.333333,-4.751468,0.0
822,1.0434433739169868,-3.146095741,147.94859465409726,2025W27_1A_0266_2,60857.32449,113.5826,14.806838,330.10863,12.867931,3.333333,-4.751468,0.0
823,2.033253154651182,-2.886210238,328.716292908074,2025W27_1A_0266_2,60857.32449,113.5826,14.806838,330.10863,12.867931,3.333333,-4.751468,0.0
824,10.13275486083672,-4.107735336,-30.7171215,2025W27_1A_0303_3,60857.52948,113.5826,20.398055,255.497355,35.530795,3.333333,-6.977735,0.0
825,8.474037200177106,-4.296562712,154.04037612,2025W27_1A_0303_3,60857.52948,113.5826,20.398055,255.497355,35.530795,3.333333,-6.977735,0.0
826,8.441368957,-4.528062074,146.49194755,2025W27_1A_0303_3,60857.52948,113.5826,20.398055,255.497355,35.530795,3.333333,-6.977735,0.0
827,8.010951233,-4.219557919,148.50128908,2025W27_1A_0303_3,60857.52948,113.5826,20.398055,255.497355,35.530795,3.333333,-6.977735,0.0
828,7.954169483,-4.248101716,-30.84709097,2025W27_1A_0303_3,60857.52948,113.5826,20.398055,255.497355,35.530795,3.333333,-6.977735,0.0
829,7.888070863,-4.296799083,-31.10221167,2025W27_1A_0303_3,60857.52948,113.5826,20.398055,255.497355,35.530795,3.333333,-6.977735,0.0
830,5.550208670943996,-4.032107101,-31.78477268,2025W27_1A_0303_3,60857.52948,113.5826,20.398055,255.497355,35.530795,3.333333,-6.977735,0.0
831,5.282995637,-4.134305567,148.08414203,2025W27_1A_0303_3,60857.52948,113.5826,20.398055,255.497355,35.530795,3.333333,-6.977735,0.0
832,5.159819066619502,-4.120889619,148.41609009,2025W27_1A_0303_3,60857.52948,113.5826,20.398055,255.497355,35.530795,3.333333,-6.977735,0.0
833,6.412944282,-6.341635659,162.27692928,2025W27_1A_0303_3,60857.52948,113.5826,20.398055,255.497355,35.530795,3.333333,-6.977735,0.0
834,2.432754763941803,-7.923525746,-33.42016417,2025W27_1A_0303_3,60857.52948,113.5826,20.398055,255.497355,35.530795,3.333333,-6.977735,0.0
835,1.2613989790583338,-8.422872483,-53.9970391,2025W27_1A_0303_3,60857.52948,113.5826,20.398055,255.497355,35.530795,3.333333,-6.977735,0.0
836,0.842507919,-7.253281578,152.34478734,2025W27_1A_0303_3,60857.52948,113.5826,20.398055,255.497355,35.530795,3.333333,-6.977735,0.0
837,1.5976262316336405,-5.214597057,-33.23124329,2025W27_1A_0303_3,60857.52948,113.5826,20.398055,255.497355,35.530795,3.333333,-6.977735,0.0
838,1.196555583256928,-5.293975509,-36.72354413,2025W27_1A_0303_3,60857.52948,113.5826,20.398055,255.497355,35.530795,3.333333,-6.977735,0.0
839,0.952443427,-5.421275616,143.22574149,2025W27_1A_0303_3,60857.52948,113.5826,20.398055,255.497355,35.530795,3.333333,-6.977735,0.0
840,2.990301994390733,-4.519912889,147.32953504,2025W27_1A_0303_3,60857.52948,113.5826,20.398055,255.497355,35.530795,3.333333,-6.977735,0.0
841,2.816046987003384,-4.567871341,-33.51721468,2025W27_1A_0303_3,60857.52948,113.5826,20.398055,255.497355,35.530795,3.333333,-6.977735,0.0
842,246.51417917422376,6.9986069497226975,44.03070023,2025W31_2A_0169_3,60888.39862,113.5826,5.302651,126.117754,111.864451,249.50495,26.82534,180.0
843,252.256614107926,4.376620819,215.90087729576106,2025W31_2A_0169_3,60888.39862,113.5826,5.302651,126.117754,111.864451,249.50495,26.82534,180.0
844,255.91841585318647,4.804919210854009,3.1942337000000123,2025W31_2A_0169_3,60888.39862,113.5826,5.302651,126.117754,111.864451,249.50495,26.82534,180.0
845,255.8363385578537,5.123545047285978,230.6551099969211,2025W31_2A_0169_3,60888.39862,113.5826,5.302651,126.117754,111.864451,249.50495,26.82534,180.0
846,253.8705958843533,3.119991128291795,11.781513399071844,2025W31_2A_0169_3,60888.39862,113.5826,5.302651,126.117754,111.864451,249.50495,26.82534,180.0
847,234.2071088161991,-39.79217607,27.409980494896622,2025W31_2A_0123_2,60888.1379,113.5826,-52.5444,208.688963,47.32045,244.660194,-21.255738,180.0
848,261.33246296072446,6.612516218383759,-154.1134018,2025W38_1A_0055_1,60933.1683,113.5826,-29.42987,203.511912,55.407919,258.181818,30.231607,180.0
849,262.6108288,6.524506924727099,23.745517500000005,2025W38_1A_0055_1,60933.1683,113.5826,-29.42987,203.511912,55.407919,258.181818,30.231607,180.0
850,263.3117492349306,5.397695037,32.91682159999999,2025W38_1A_0055_1,60933.1683,113.5826,-29.42987,203.511912,55.407919,258.181818,30.231607,180.0
851,264.6241405417672,5.880075263329016,-160.9755254,2025W38_1A_0055_1,60933.1683,113.5826,-29.42987,203.511912,55.407919,258.181818,30.231607,180.0
852,291.6111559964111,-68.44229116,129.39944495718822,2025W38_1A_0036_2,60933.10828,113.5826,-70.237991,206.711919,40.485575,286.26506,-46.672945,180.0
853,311.1287444912782,-66.26342403,336.0108885469116,2025W38_1A_0036_2,60933.10828,113.5826,-70.237991,206.711919,40.485575,286.26506,-46.672945,180.0
854,37.06817298454052,13.50291784,-27.19331001,2025W31_2A_0140_1,60888.23424,113.5826,22.947272,1.146502,36.69628,40.0,-0.818134,0.0
855,282.3988070396322,74.41431052472966,263.1960898554098,2025W27_1A_0268_3,60857.33979,113.5826,80.098651,199.984467,90.90612,40.215868,85.578244,307.612021
856,282.0007936486716,73.61346789832898,313.0985342741794,2025W27_1A_0268_3,60857.33979,113.5826,80.098651,199.984467,90.90612,40.215868,85.578244,307.612021
857,286.2009658157395,72.28966040392692,202.66444378978886,2025W27_1A_0268_3,60857.33979,113.5826,80.098651,199.984467,90.90612,40.215868,85.578244,307.612021
858,273.87932082846453,66.13220944,249.97209348882325,2025W27_1A_0268_3,60857.33979,113.5826,80.098651,199.984467,90.90612,40.215868,85.578244,307.612021
859,23.22307938990228,50.39864332637583,153.89230125051031,2025W31_2A_0104_1,60888.03721,113.5826,58.324626,62.359878,96.202552,44.0,36.910409,0.0
860,27.502624910657847,-22.26564723,160.2264270401213,2025W27_1A_0249_2,60857.25187,113.5826,-10.119961,359.82529,7.005158,11.25,-31.867874,0.0
861,278.2739835,59.75209319414723,102.07956393,2025W31_2A_0167_2,60888.38636,113.5826,69.08867,151.264432,108.230807,307.312123,86.258748,69.295525
862,216.9079536314676,-2.234563986,33.78603430670811,2025W27_1A_0241_1,60857.21705,113.5826,14.052675,192.900535,77.383261,218.691589,13.003603,180.0
863,220.97910493238265,-1.519609199,216.98516220201302,2025W27_1A_0241_1,60857.21705,113.5826,14.052675,192.900535,77.383261,218.691589,13.003603,180.0
864,219.5432667684711,-1.887184077,214.64948021497864,2025W27_1A_0241_1,60857.21705,113.5826,14.052675,192.900535,77.383261,218.691589,13.003603,180.0
865,225.2096680120726,-5.465840379,37.47599519474237,2025W27_1A_0241_1,60857.21705,113.5826,14.052675,192.900535,77.383261,218.691589,13.003603,180.0
866,223.61128336615025,-2.666734116,35.09940852150967,2025W27_1A_0241_1,60857.21705,113.5826,14.052675,192.900535,77.383261,218.691589,13.003603,180.0
867,225.82179043702683,-2.784797515,35.25267153326339,2025W27_1A_0241_1,60857.21705,113.5826,14.052675,192.900535,77.383261,218.691589,13.003603,180.0
868,314.88832730991913,-27.87837323,147.50650846,2025W18_1B_0384_2,60796.04146,113.5826,-19.244999,77.317771,55.758844,313.333333,-9.794002,0.0
869,215.91867955951497,1.089159943123048,25.858652000000006,2025W27_1A_0203_3,60857.01707,113.5826,-5.885832,262.069948,8.997698,218.691589,13.396937,180.0
870,215.9532811210049,0.5481055186451818,35.46272189999999,2025W27_1A_0203_3,60857.01707,113.5826,-5.885832,262.069948,8.997698,218.691589,13.396937,180.0
871,217.29179407796323,0.8188810255423342,-153.2454985,2025W27_1A_0203_3,60857.01707,113.5826,-5.885832,262.069948,8.997698,218.691589,13.396937,180.0
872,217.4166620233437,0.077218088,13.287612200000012,2025W27_1A_0203_3,60857.01707,113.5826,-5.885832,262.069948,8.997698,218.691589,13.396937,180.0
873,218.2774246504731,0.6971378668392878,24.887893399999996,2025W27_1A_0203_3,60857.01707,113.5826,-5.885832,262.069948,8.997698,218.691589,13.396937,180.0
874,218.74891625809624,0.5707969572784095,28.678331299999996,2025W27_1A_0203_3,60857.01707,113.5826,-5.885832,262.069948,8.997698,218.691589,13.396937,180.0
875,219.2621109969847,-2.734123656,27.30012769999999,2025W27_1A_0203_3,60857.01707,113.5826,-5.885832,262.069948,8.997698,218.691589,13.396937,180.0
876,220.4608240264965,-3.134129585,-153.2478655,2025W27_1A_0203_3,60857.01707,113.5826,-5.885832,262.069948,8.997698,218.691589,13.396937,180.0
877,224.6609740101488,-4.793906508,-159.8260239,2025W27_1A_0203_3,60857.01707,113.5826,-5.885832,262.069948,8.997698,218.691589,13.396937,180.0
878,276.1673610862503,65.26288827207927,299.7480914531655,2025W27_1A_0268_4,60857.34128,113.5826,74.562007,176.657582,100.378968,42.276389,85.69798,305.557512
879,290.9292659565539,-29.63937902,163.97382106,2025W38_1A_0095_2,60933.30732,113.5826,-45.273435,149.917468,72.155523,283.333333,-6.781068,180.0
880,219.80762280086915,-1.589757731,24.120892099999992,2025W27_1A_0203_4,60857.01856,113.5826,-13.181815,260.519273,5.532077,218.691589,13.20027,180.0
881,220.97870469059967,-1.943776438,22.0867724,2025W27_1A_0203_4,60857.01856,113.5826,-13.181815,260.519273,5.532077,218.691589,13.20027,180.0
882,222.95744114330063,-3.923409182,-160.4474541,2025W27_1A_0203_4,60857.01856,113.5826,-13.181815,260.519273,5.532077,218.691589,13.20027,180.0
883,225.0279365646614,-3.581410208,-165.3440074,2025W27_1A_0203_4,60857.01856,113.5826,-13.181815,260.519273,5.532077,218.691589,13.20027,180.0
884,269.45378118471905,68.30834425899678,-120.6760248,2025W31_2A_0180_2,60888.45566,113.5826,62.664816,120.573326,117.956953,295.367034,86.461595,81.216578
885,272.5104571340952,62.915222933518216,57.2987165,2025W31_2A_0180_2,60888.45566,113.5826,62.664816,120.573326,117.956953,295.367034,86.461595,81.216578
886,271.5823916587942,62.04060333136502,-123.6510296,2025W31_2A_0180_2,60888.45566,113.5826,62.664816,120.573326,117.956953,295.367034,86.461595,81.216578
887,277.1065240018008,62.14995194318231,61.960333500000004,2025W31_2A_0180_2,60888.45566,113.5826,62.664816,120.573326,117.956953,295.367034,86.461595,81.216578
888,277.3699032035481,59.899998180476416,-118.5750386,2025W31_2A_0180_2,60888.45566,113.5826,62.664816,120.573326,117.956953,295.367034,86.461595,81.216578
889,185.5070171609785,-53.44408287,81.74100082,2025W27_1A_0285_4,60857.43637,113.5826,-66.291577,93.407497,46.862888,208.192771,-45.689611,180.0
890,186.99129431342257,-53.74845082,-16.16723564,2025W27_1A_0285_4,60857.43637,113.5826,-66.291577,93.407497,46.862888,208.192771,-45.689611,180.0
891,216.35904739878035,-5.681811812,254.02854134853848,2025W27_1A_0228_2,60857.15235,113.5826,-2.320234,213.902804,51.864847,220.0,7.764402,180.0
892,215.7020316299227,-4.451510136,29.405906801776784,2025W27_1A_0228_2,60857.15235,113.5826,-2.320234,213.902804,51.864847,220.0,7.764402,180.0
893,215.77163108163816,-4.383088808,208.13980523544188,2025W27_1A_0228_2,60857.15235,113.5826,-2.320234,213.902804,51.864847,220.0,7.764402,180.0
894,216.47845722235493,-7.660840198,71.21551248334917,2025W27_1A_0228_2,60857.15235,113.5826,-2.320234,213.902804,51.864847,220.0,7.764402,180.0
895,219.80216794553223,-6.710328522,222.49231548770783,2025W27_1A_0228_2,60857.15235,113.5826,-2.320234,213.902804,51.864847,220.0,7.764402,180.0
896,220.4774878,-7.01936964,177.347950057,2025W27_1A_0228_2,60857.15235,113.5826,-2.320234,213.902804,51.864847,220.0,7.764402,180.0
897,218.5887860582591,-6.656279835,208.23078961049256,2025W27_1A_0228_2,60857.15235,113.5826,-2.320234,213.902804,51.864847,220.0,7.764402,180.0
898,218.97113101831783,-5.831672614,208.14944210492342,2025W27_1A_0228_2,60857.15235,113.5826,-2.320234,213.902804,51.864847,220.0,7.764402,180.0
899,223.7290954764356,-7.312889383,3.079149558495371,2025W27_1A_0228_2,60857.15235,113.5826,-2.320234,213.902804,51.864847,220.0,7.764402,180.0
900,223.43486584282405,-9.674072621,207.14429806320248,2025W27_1A_0228_2,60857.15235,113.5826,-2.320234,213.902804,51.864847,220.0,7.764402,180.0
901,29.21034575795961,-30.52825854,163.1906593,2025W27_1A_0209_3,60857.04816,113.5826,-9.644397,73.08918,55.668567,12.0,-38.287076,0.0
902,29.031048762216333,-30.53779342,-2.506830025,2025W27_1A_0209_3,60857.04816,113.5826,-9.644397,73.08918,55.668567,12.0,-38.287076,0.0
903,28.21878538017096,-29.3615318,-22.10131301,2025W27_1A_0209_3,60857.04816,113.5826,-9.644397,73.08918,55.668567,12.0,-38.287076,0.0
904,25.014738014408376,-31.49147626,146.68616196,2025W27_1A_0209_3,60857.04816,113.5826,-9.644397,73.08918,55.668567,12.0,-38.287076,0.0
905,25.01232730271696,-31.56098821,139.9600636,2025W27_1A_0209_3,60857.04816,113.5826,-9.644397,73.08918,55.668567,12.0,-38.287076,0.0
906,36.29249663260986,44.59763217775362,130.42571096281264,2025W31_2A_0165_1,60888.37563,113.5826,52.065723,303.285993,46.873728,43.636364,27.281607,0.0
907,24.810302857578108,40.98125768835215,177.20948186599983,2025W31_2A_0165_1,60888.37563,113.5826,52.065723,303.285993,46.873728,43.636364,27.281607,0.0
908,268.5584471785434,64.80875359,178.260806896,2025W38_1A_0070_1,60933.22231,113.5826,43.738821,196.315722,87.519366,291.03581,85.638525,126.645678
909,278.26803781962707,58.48279648926174,238.4603137199084,2025W38_1A_0070_1,60933.22231,113.5826,43.738821,196.315722,87.519366,291.03581,85.638525,126.645678
910,51.67937306091837,-4.55767806,149.7586804676396,2025W31_2A_0127_3,60888.16485,113.5826,14.998202,27.394253,40.486048,42.772277,-24.268672,0.0
911,52.01519066588961,-5.775142227,153.05179684,2025W31_2A_0127_3,60888.16485,113.5826,14.998202,27.394253,40.486048,42.772277,-24.268672,0.0
912,47.59995554414869,-6.173919455,-28.77088455,2025W31_2A_0127_3,60888.16485,113.5826,14.998202,27.394253,40.486048,42.772277,-24.268672,0.0
913,46.04205131968717,-6.507357933,-29.14595128,2025W31_2A_0127_3,60888.16485,113.5826,14.998202,27.394253,40.486048,42.772277,-24.268672,0.0
914,45.47074072344441,-6.67428676,329.4210013734951,2025W31_2A_0127_3,60888.16485,113.5826,14.998202,27.394253,40.486048,42.772277,-24.268672,0.0
915,78.36989588506736,-56.77540535,-34.91415751,2025W27_1A_0220_1,60857.10417,113.5826,-71.102736,75.670726,43.692599,37.414322,-80.708081,34.295368
916,77.57913960802219,-57.84793971,86.03345756,2025W27_1A_0220_1,60857.10417,113.5826,-71.102736,75.670726,43.692599,37.414322,-80.708081,34.295368
917,75.40609000942881,-59.12825091,72.5592793,2025W27_1A_0220_1,60857.10417,113.5826,-71.102736,75.670726,43.692599,37.414322,-80.708081,34.295368
918,232.3543623013455,38.98705809623456,242.36654613000002,2025W27_1A_0307_2,60857.55085,113.5826,44.730065,78.688891,92.725988,216.0,56.758014,180.0
919,234.0741323599406,40.58956344766474,216.6312051326417,2025W27_1A_0307_2,60857.55085,113.5826,44.730065,78.688891,92.725988,216.0,56.758014,180.0
920,239.63214177953256,36.78597484602359,69.27167202840369,2025W27_1A_0307_2,60857.55085,113.5826,44.730065,78.688891,92.725988,216.0,56.758014,180.0
921,239.77054587483536,36.26543542,43.17763987365589,2025W27_1A_0307_2,60857.55085,113.5826,44.730065,78.688891,92.725988,216.0,56.758014,180.0
922,31.18980807259623,-51.30153154,97.72025973,2025W22_2B_0436_3,60827.01627,113.5826,-39.896695,90.1254,61.374778,348.923077,-59.118014,0.0
923,25.26678191035436,-57.07884316,-57.23680912,2025W22_2B_0436_3,60827.01627,113.5826,-39.896695,90.1254,61.374778,348.923077,-59.118014,0.0
924,245.68051299604912,-10.42678056,224.65367238282658,2025W31_2A_0182_1,60888.46655,113.5826,5.851927,101.779153,85.164838,250.0,11.170669,180.0
925,246.5420246073979,-10.17069861,31.700614400000006,2025W31_2A_0182_1,60888.46655,113.5826,5.851927,101.779153,85.164838,250.0,11.170669,180.0
926,249.004879226654,-11.49723327,30.758841100000012,2025W31_2A_0182_1,60888.46655,113.5826,5.851927,101.779153,85.164838,250.0,11.170669,180.0
927,249.5059241134729,-11.55065955,35.0490772,2025W31_2A_0182_1,60888.46655,113.5826,5.851927,101.779153,85.164838,250.0,11.170669,180.0
928,250.35978063254737,-11.27017518,29.999672900000007,2025W31_2A_0182_1,60888.46655,113.5826,5.851927,101.779153,85.164838,250.0,11.170669,180.0
929,83.92586081239381,-54.94292201,140.52680434,2025W31_2A_0148_3,60888.28684,113.5826,-57.263524,358.195721,5.311633,61.154032,-78.532299,19.681437
930,246.5460502738748,4.564478007136293,-176.7781408,2025W31_2A_0169_2,60888.39713,113.5826,13.825859,127.929894,117.276482,249.50495,27.022006,180.0
931,246.5791924742084,4.5820163601033705,-174.580327,2025W31_2A_0169_2,60888.39713,113.5826,13.825859,127.929894,117.276482,249.50495,27.022006,180.0
932,254.32150370464484,4.507518335023277,194.65600603114203,2025W31_2A_0169_2,60888.39713,113.5826,13.825859,127.929894,117.276482,249.50495,27.022006,180.0
933,254.5228876818328,5.926783020599053,25.31534250385175,2025W31_2A_0169_2,60888.39713,113.5826,13.825859,127.929894,117.276482,249.50495,27.022006,180.0
934,5.163989040383594,-3.466066311,324.6898018,2025W27_1A_0266_3,60857.32598,113.5826,22.082944,328.47426,18.759829,3.333333,-4.554801,0.0
935,5.370966842794139,-4.041754049,336.1360833485723,2025W27_1A_0266_3,60857.32598,113.5826,22.082944,328.47426,18.759829,3.333333,-4.554801,0.0
936,4.220952430696123,-4.596276045,324.33330501147475,2025W27_1A_0266_3,60857.32598,113.5826,22.082944,328.47426,18.759829,3.333333,-4.554801,0.0
937,3.657980330390856,-4.32113825,157.1940053460278,2025W27_1A_0266_3,60857.32598,113.5826,22.082944,328.47426,18.759829,3.333333,-4.554801,0.0
938,2.870469465569899,-4.223573475,326.8784521205928,2025W27_1A_0266_3,60857.32598,113.5826,22.082944,328.47426,18.759829,3.333333,-4.554801,0.0
939,1.8436791796510363,-4.400154821,326.57541873113894,2025W27_1A_0266_3,60857.32598,113.5826,22.082944,328.47426,18.759829,3.333333,-4.554801,0.0
940,0.06948711,-4.365124424,154.93894883647286,2025W27_1A_0266_3,60857.32598,113.5826,22.082944,328.47426,18.759829,3.333333,-4.554801,0.0
941,0.1291318036382758,-4.487021132,325.9009832850429,2025W27_1A_0266_3,60857.32598,113.5826,22.082944,328.47426,18.759829,3.333333,-4.554801,0.0
942,1.978334730521628,-5.696348596,326.14502292960583,2025W27_1A_0266_3,60857.32598,113.5826,22.082944,328.47426,18.759829,3.333333,-4.554801,0.0
943,1.6582123573016794,-73.87951104,88.51782645,2025W18_1B_0382_1,60796.02821,113.5826,-81.994731,163.059504,36.447962,314.181818,-63.373882,0.0
944,354.1162761965048,-74.79213616,154.50493615071304,2025W18_1B_0382_1,60796.02821,113.5826,-81.994731,163.059504,36.447962,314.181818,-63.373882,0.0
945,83.32495204032274,-55.81491092,232.25942537689815,2025W27_1A_0247_2,60857.23856,113.5826,-78.21806,45.34833,29.821893,53.235519,-83.785014,37.266977
946,86.44848249952841,-58.81970435,289.98403680505777,2025W27_1A_0247_2,60857.23856,113.5826,-78.21806,45.34833,29.821893,53.235519,-83.785014,37.266977
947,81.91227306649205,-65.04158027,289.887611155564,2025W27_1A_0247_2,60857.23856,113.5826,-78.21806,45.34833,29.821893,53.235519,-83.785014,37.266977
948,9.629672318205888,-5.511541344,-30.55337682,2025W27_1A_0303_2,60857.52799,113.5826,13.12049,257.11009,26.710719,3.333333,-7.174402,0.0
949,9.295333081,-2.665314241,-29.62238516,2025W27_1A_0303_2,60857.52799,113.5826,13.12049,257.11009,26.710719,3.333333,-7.174402,0.0
950,7.843588190448587,-2.934754019,154.85473223,2025W27_1A_0303_2,60857.52799,113.5826,13.12049,257.11009,26.710719,3.333333,-7.174402,0.0
951,7.758946723,-2.759009183,155.3369363382361,2025W27_1A_0303_2,60857.52799,113.5826,13.12049,257.11009,26.710719,3.333333,-7.174402,0.0
952,7.651751653302135,-3.287563724,-31.90691007,2025W27_1A_0303_2,60857.52799,113.5826,13.12049,257.11009,26.710719,3.333333,-7.174402,0.0
953,7.320661573539487,-5.823501944,-37.09133591,2025W27_1A_0303_2,60857.52799,113.5826,13.12049,257.11009,26.710719,3.333333,-7.174402,0.0
954,6.088008945202967,-5.288304077,163.35599332,2025W27_1A_0303_2,60857.52799,113.5826,13.12049,257.11009,26.710719,3.333333,-7.174402,0.0
955,6.875381935617913,-3.429487564,149.97814098,2025W27_1A_0303_2,60857.52799,113.5826,13.12049,257.11009,26.710719,3.333333,-7.174402,0.0
956,1.590958228217577,-6.608828082,-31.34241683,2025W27_1A_0303_2,60857.52799,113.5826,13.12049,257.11009,26.710719,3.333333,-7.174402,0.0
957,87.47278997013068,-59.73337736,107.15872867,2025W31_2A_0161_1,60888.35348,113.5826,-63.645764,338.028173,5.077837,79.808751,-83.417358,42.379854
958,87.41279474983546,-58.3222815,306.84115936508965,2025W31_2A_0161_1,60888.35348,113.5826,-63.645764,338.028173,5.077837,79.808751,-83.417358,42.379854
959,81.78123043485489,-63.08407129,-51.62616162,2025W31_2A_0161_1,60888.35348,113.5826,-63.645764,338.028173,5.077837,79.808751,-83.417358,42.379854
960,260.17603763570224,2.355405513,-143.6023094,2025W38_1A_0074_1,60933.2372,113.5826,-34.954559,177.592474,73.120201,258.640777,23.812406,180.0
961,260.52546961301465,2.0097627870321384,206.07518453205876,2025W38_1A_0074_1,60933.2372,113.5826,-34.954559,177.592474,73.120201,258.640777,23.812406,180.0
962,263.60988609518284,-0.245040938,33.79837623719308,2025W38_1A_0074_1,60933.2372,113.5826,-34.954559,177.592474,73.120201,258.640777,23.812406,180.0
963,241.06651559527373,-44.28132246,13.457813619412056,2025W31_2A_0123_3,60888.13939,113.5826,-59.655339,204.885112,45.466772,244.660194,-21.452405,180.0
964,8.675013001563148,-1.848980983,-144.0598359,2025W27_1A_0266_4,60857.32748,113.5826,30.56129,326.40631,24.617281,3.333333,-4.358134,0.0
965,2.442169076557016,-5.284639055,324.7968087370643,2025W27_1A_0266_4,60857.32748,113.5826,30.56129,326.40631,24.617281,3.333333,-4.358134,0.0
966,0.9044574531604156,-5.591803666,323.5332036352678,2025W27_1A_0266_4,60857.32748,113.5826,30.56129,326.40631,24.617281,3.333333,-4.358134,0.0
967,0.6589752853651905,-5.556509207,152.66197334847251,2025W27_1A_0266_4,60857.32748,113.5826,30.56129,326.40631,24.617281,3.333333,-4.358134,0.0
968,78.24025300411705,-55.49066121,-49.95694277,2025W31_2A_0148_4,60888.28833,113.5826,-50.138397,354.771874,0.87506,60.803133,-78.346688,19.38275
969,70.7473865,-58.18890017,145.63992299,2025W31_2A_0148_4,60888.28833,113.5826,-50.138397,354.771874,0.87506,60.803133,-78.346688,19.38275
970,241.7906718492152,-43.76873491,343.96400078720734,2025W31_2A_0123_4,60888.14089,113.5826,-67.777516,198.104388,43.275775,244.660194,-21.649072,180.0
971,241.4128878826137,-43.09371031,10.967387400000007,2025W31_2A_0123_4,60888.14089,113.5826,-67.777516,198.104388,43.275775,244.660194,-21.649072,180.0
972,271.43112788610773,69.71085156381716,109.92382071262732,2025W27_1A_0281_3,60857.41211,113.5826,60.345174,134.946077,120.494217,68.747369,86.482432,275.570551
973,269.7867087225335,66.77055226918621,277.1428365569802,2025W27_1A_0281_3,60857.41211,113.5826,60.345174,134.946077,120.494217,68.747369,86.482432,275.570551
974,243.1256053138604,-14.82432239,26.68873885608387,2025W31_2A_0108_2,60888.06157,113.5826,-8.378147,245.529774,20.581713,246.666667,6.977735,180.0
975,243.71007899422355,-14.28102099,26.1825403,2025W31_2A_0108_2,60888.06157,113.5826,-8.378147,245.529774,20.581713,246.666667,6.977735,180.0
976,251.1182038394547,-14.42032546,359.9276238196102,2025W31_2A_0108_2,60888.06157,113.5826,-8.378147,245.529774,20.581713,246.666667,6.977735,180.0
977,249.5427184567119,-15.15254954,23.9617882,2025W31_2A_0108_2,60888.06157,113.5826,-8.378147,245.529774,20.581713,246.666667,6.977735,180.0
978,158.92703691906388,-28.9357888,-159.6556794,2025W18_1B_0380_2,60796.01597,113.5826,-25.837621,259.80609,3.559269,170.322581,-34.880808,180.0
979,160.3500894945136,-29.53087156,354.5687922480029,2025W18_1B_0380_2,60796.01597,113.5826,-25.837621,259.80609,3.559269,170.322581,-34.880808,180.0
980,181.1223443,-44.06090973,221.69925184617853,2025W27_1A_0245_1,60857.2297,113.5826,-51.411424,176.297293,59.288597,204.0,-40.253743,180.0
981,182.29693688939045,-43.8883193,40.33513339999999,2025W27_1A_0245_1,60857.2297,113.5826,-51.411424,176.297293,59.288597,204.0,-40.253743,180.0
982,188.64791409985835,-47.02166272,244.75871571772052,2025W27_1A_0245_1,60857.2297,113.5826,-51.411424,176.297293,59.288597,204.0,-40.253743,180.0
983,38.36357934,27.65565929194432,157.48901358,2025W31_2A_0129_3,60888.17197,113.5826,52.477446,16.463427,68.677633,40.373832,12.413603,0.0
984,33.388741522597215,27.081394533392587,-26.31144666,2025W31_2A_0129_3,60888.17197,113.5826,52.477446,16.463427,68.677633,40.373832,12.413603,0.0
985,29.979354057845832,24.58796080571104,-29.18623124,2025W31_2A_0129_3,60888.17197,113.5826,52.477446,16.463427,68.677633,40.373832,12.413603,0.0
986,27.59252287270909,25.790871040785024,-29.97814212,2025W31_2A_0129_3,60888.17197,113.5826,52.477446,16.463427,68.677633,40.373832,12.413603,0.0
987,49.61292956687646,-44.11444202,-51.27835839,2025W27_1A_0301_1,60857.51767,113.5826,-41.401338,269.808897,4.758156,16.615385,-58.724681,0.0
988,213.9583443133052,-15.72741415,-169.239726,2025W27_1A_0309_2,60857.56121,113.5826,-8.679085,65.837506,47.086688,213.333333,-3.178134,180.0
989,186.26749644798187,61.74874134560521,249.60977617663306,2025W18_1B_0388_1,60796.06582,113.5826,68.798756,266.90086,76.899106,154.285714,55.318413,180.0
990,196.4118023271544,55.11625447,238.38350951831902,2025W18_1B_0388_1,60796.06582,113.5826,68.798756,266.90086,76.899106,154.285714,55.318413,180.0
991,349.81181168283763,-4.916149271,185.90336300573128,2025W22_2B_0438_4,60827.02818,113.5826,23.293703,75.627786,75.556364,343.333333,0.951867,0.0
992,349.62939879041267,-4.820417891,-31.95812423,2025W22_2B_0438_4,60827.02818,113.5826,23.293703,75.627786,75.556364,343.333333,0.951867,0.0
993,349.39534478675114,-4.523252428,152.75176515,2025W22_2B_0438_4,60827.02818,113.5826,23.293703,75.627786,75.556364,343.333333,0.951867,0.0
994,347.8339378995327,-4.179721515,-27.68880598,2025W22_2B_0438_4,60827.02818,113.5826,23.293703,75.627786,75.556364,343.333333,0.951867,0.0
995,348.2366131721263,-5.604176829,-21.55209975,2025W22_2B_0438_4,60827.02818,113.5826,23.293703,75.627786,75.556364,343.333333,0.951867,0.0
996,347.4578094707201,-5.735013489,95.44461105,2025W22_2B_0438_4,60827.02818,113.5826,23.293703,75.627786,75.556364,343.333333,0.951867,0.0
997,347.7816167739407,-5.010742755,151.41779895,2025W22_2B_0438_4,60827.02818,113.5826,23.293703,75.627786,75.556364,343.333333,0.951867,0.0
998,346.95330044861913,-3.441641947,343.9578829816321,2025W22_2B_0438_4,60827.02818,113.5826,23.293703,75.627786,75.556364,343.333333,0.951867,0.0
999,345.3154692140036,-5.248587261,148.57172379,2025W22_2B_0438_4,60827.02818,113.5826,23.293703,75.627786,75.556364,343.333333,0.951867,0.0
1000,344.9976958373948,-4.427667533,-29.99865099,2025W22_2B_0438_4,60827.02818,113.5826,23.293703,75.627786,75.556364,343.333333,0.951867,0.0
1001,344.63430886183687,-4.423229432,-29.83151309,2025W22_2B_0438_4,60827.02818,113.5826,23.293703,75.627786,75.556364,343.333333,0.951867,0.0
1002,344.2389328102783,-4.496245126,150.81394656,2025W22_2B_0438_4,60827.02818,113.5826,23.293703,75.627786,75.556364,343.333333,0.951867,0.0
1003,344.1442210277949,-4.557109927,-29.7203401,2025W22_2B_0438_4,60827.02818,113.5826,23.293703,75.627786,75.556364,343.333333,0.951867,0.0
1004,344.0834221318016,-4.53590917,150.51923297,2025W22_2B_0438_4,60827.02818,113.5826,23.293703,75.627786,75.556364,343.333333,0.951867,0.0
1005,342.4446485,-4.788724275,149.47583868,2025W22_2B_0438_4,60827.02818,113.5826,23.293703,75.627786,75.556364,343.333333,0.951867,0.0
1006,342.8442098709689,-6.17167057,158.66992893,2025W22_2B_0438_4,60827.02818,113.5826,23.293703,75.627786,75.556364,343.333333,0.951867,0.0
1007,343.65077072752507,-5.743143993,150.44790572,2025W22_2B_0438_4,60827.02818,113.5826,23.293703,75.627786,75.556364,343.333333,0.951867,0.0
1008,342.19401949021733,-7.761609943,-34.71198289,2025W22_2B_0438_4,60827.02818,113.5826,23.293703,75.627786,75.556364,343.333333,0.951867,0.0
1009,341.53793624217906,-6.936503316,-34.17270797,2025W22_2B_0438_4,60827.02818,113.5826,23.293703,75.627786,75.556364,343.333333,0.951867,0.0
1010,341.19519709104003,-7.256572769,161.86565869,2025W22_2B_0438_4,60827.02818,113.5826,23.293703,75.627786,75.556364,343.333333,0.951867,0.0
1011,340.63626385043847,-7.404114133,-32.08129747,2025W22_2B_0438_4,60827.02818,113.5826,23.293703,75.627786,75.556364,343.333333,0.951867,0.0
1012,340.0302029397067,-8.730134722,-32.93786454,2025W22_2B_0438_4,60827.02818,113.5826,23.293703,75.627786,75.556364,343.333333,0.951867,0.0
1013,339.8453045399256,-5.793195949,105.28565375,2025W22_2B_0438_4,60827.02818,113.5826,23.293703,75.627786,75.556364,343.333333,0.951867,0.0
1014,71.33947962344429,-39.58692331,144.40765308,2025W31_2A_0100_1,60888.01966,113.5826,-33.568787,87.117318,60.251361,48.0,-62.720948,0.0
1015,62.50059388278908,-42.23097448,344.5200864716588,2025W31_2A_0100_1,60888.01966,113.5826,-33.568787,87.117318,60.251361,48.0,-62.720948,0.0
1016,57.54126195130067,-42.86507996,-58.69589628,2025W31_2A_0100_1,60888.01966,113.5826,-33.568787,87.117318,60.251361,48.0,-62.720948,0.0
1017,90.82052151,-61.7440491,137.94884419,2025W38_1A_0015_1,60933.04786,113.5826,-67.092297,90.696179,48.630978,57.813042,-85.452772,321.384189
1018,76.75295569884624,-62.1283809,156.34403939999999,2025W38_1A_0015_1,60933.04786,113.5826,-67.092297,90.696179,48.630978,57.813042,-85.452772,321.384189
1019,290.44844997297776,73.92954828806741,69.0945863,2025W31_2A_0142_3,60888.25083,113.5826,68.06741,198.957485,99.165143,51.428571,81.388553,0.0
1020,269.61445008048537,62.50956968133477,133.57235652,2025W22_2B_0453_3,60827.10822,113.5826,81.449005,341.882364,82.147478,315.680807,88.083773,359.990835
1021,30.01898840095037,26.070807996002767,22.498015500000008,2025W31_2A_0129_4,60888.17347,113.5826,59.621214,12.65283,72.406188,40.373832,12.61027,0.0
1022,348.49748968264777,-3.033814092,148.12175413,2025W22_2B_0438_3,60827.02668,113.5826,14.779039,77.548341,72.442186,343.333333,0.7552,0.0
1023,347.75372275655246,-4.363834808,159.00938667,2025W22_2B_0438_3,60827.02668,113.5826,14.779039,77.548341,72.442186,343.333333,0.7552,0.0
1024,348.1977504450306,-3.937924147,149.58648427,2025W22_2B_0438_3,60827.02668,113.5826,14.779039,77.548341,72.442186,343.333333,0.7552,0.0
1025,344.67890071332386,-4.224287839,-31.21814646,2025W22_2B_0438_3,60827.02668,113.5826,14.779039,77.548341,72.442186,343.333333,0.7552,0.0
1026,343.9538068514768,-4.528677584,-31.84726448,2025W22_2B_0438_3,60827.02668,113.5826,14.779039,77.548341,72.442186,343.333333,0.7552,0.0
1027,342.3536999549835,-4.921893488,158.38806749,2025W22_2B_0438_3,60827.02668,113.5826,14.779039,77.548341,72.442186,343.333333,0.7552,0.0
1028,344.3073671404913,-7.072268663,-29.57895601,2025W22_2B_0438_3,60827.02668,113.5826,14.779039,77.548341,72.442186,343.333333,0.7552,0.0
1029,344.0963426510975,-6.991949148,136.22604022000002,2025W22_2B_0438_3,60827.02668,113.5826,14.779039,77.548341,72.442186,343.333333,0.7552,0.0
1030,341.3096751274093,-6.405894048,147.65069508,2025W22_2B_0438_3,60827.02668,113.5826,14.779039,77.548341,72.442186,343.333333,0.7552,0.0
1031,340.8340456118956,-5.864065509,147.90948299000001,2025W22_2B_0438_3,60827.02668,113.5826,14.779039,77.548341,72.442186,343.333333,0.7552,0.0
1032,339.92040809020574,-6.208858179,149.71938403000001,2025W22_2B_0438_3,60827.02668,113.5826,14.779039,77.548341,72.442186,343.333333,0.7552,0.0
1033,341.16017663196453,-7.438385694,146.61722933,2025W22_2B_0438_3,60827.02668,113.5826,14.779039,77.548341,72.442186,343.333333,0.7552,0.0
1034,342.69511676612007,-7.937267356,-21.97130652,2025W22_2B_0438_3,60827.02668,113.5826,14.779039,77.548341,72.442186,343.333333,0.7552,0.0
1035,65.70180147951534,5.147829681788553,-19.7355733,2025W36_1A_0035_1,60919.14441,113.5826,41.620231,29.559343,66.379347,61.132075,-15.623204,0.0
1036,66.84579707,5.9854191576592415,152.59035782,2025W36_1A_0035_1,60919.14441,113.5826,41.620231,29.559343,66.379347,61.132075,-15.623204,0.0
1037,64.58292082538759,5.3584269774588655,-35.53168106,2025W36_1A_0035_1,60919.14441,113.5826,41.620231,29.559343,66.379347,61.132075,-15.623204,0.0
1038,61.98994112462789,3.816734286512596,162.54127358,2025W36_1A_0035_1,60919.14441,113.5826,41.620231,29.559343,66.379347,61.132075,-15.623204,0.0
1039,56.75398026472008,4.134054785820183,155.64100306,2025W36_1A_0035_1,60919.14441,113.5826,41.620231,29.559343,66.379347,61.132075,-15.623204,0.0
1040,59.36664681,5.932662994938414,-38.70876527,2025W36_1A_0035_1,60919.14441,113.5826,41.620231,29.559343,66.379347,61.132075,-15.623204,0.0
1041,215.2147079384359,-5.95207344,350.782409378897,2025W27_1A_0228_4,60857.15533,113.5826,-18.126683,210.519837,51.297442,220.0,7.371068,180.0
1042,214.7221735768305,-7.718123297,22.169843298658687,2025W27_1A_0228_4,60857.15533,113.5826,-18.126683,210.519837,51.297442,220.0,7.371068,180.0
1043,221.5134207691612,-6.963979566,20.235995300000013,2025W27_1A_0228_4,60857.15533,113.5826,-18.126683,210.519837,51.297442,220.0,7.371068,180.0
1044,218.82666217283185,-7.644944563,21.050857400000012,2025W27_1A_0228_4,60857.15533,113.5826,-18.126683,210.519837,51.297442,220.0,7.371068,180.0
1045,218.27768528843544,-8.429814477,-158.8787353,2025W27_1A_0228_4,60857.15533,113.5826,-18.126683,210.519837,51.297442,220.0,7.371068,180.0
1046,224.226697144406,-7.835620792,-159.0138438,2025W27_1A_0228_4,60857.15533,113.5826,-18.126683,210.519837,51.297442,220.0,7.371068,180.0
1047,223.82316435793248,-9.237281574,18.355951000000005,2025W27_1A_0228_4,60857.15533,113.5826,-18.126683,210.519837,51.297442,220.0,7.371068,180.0
1048,221.9051654113047,-9.452503611,200.34122292583427,2025W27_1A_0228_4,60857.15533,113.5826,-18.126683,210.519837,51.297442,220.0,7.371068,180.0
1049,222.35588288312275,-9.103076462,19.18770839999999,2025W27_1A_0228_4,60857.15533,113.5826,-18.126683,210.519837,51.297442,220.0,7.371068,180.0
1050,180.52440833942427,-50.7921638,10.914410980046004,2025W27_1A_0285_2,60857.43339,113.5826,-50.955137,103.131214,59.731941,208.192771,-45.296278,180.0
1051,185.3437819730205,-53.68380883,-10.36817344,2025W27_1A_0285_2,60857.43339,113.5826,-50.955137,103.131214,59.731941,208.192771,-45.296278,180.0
1052,28.67075099406957,-56.07567666,116.78266740000001,2025W22_2B_0436_2,60827.01478,113.5826,-47.123039,92.573388,60.109762,348.923077,-59.314681,0.0
1053,27.93382317290143,-57.10905279,29.244046178216905,2025W22_2B_0436_2,60827.01478,113.5826,-47.123039,92.573388,60.109762,348.923077,-59.314681,0.0
1054,52.14885333026451,-6.592508484,155.8598881,2025W31_2A_0127_2,60888.16336,113.5826,7.716072,28.956045,33.881104,42.772277,-24.465339,0.0
1055,47.45247161,-7.104312666,-27.94692257,2025W31_2A_0127_2,60888.16336,113.5826,7.716072,28.956045,33.881104,42.772277,-24.465339,0.0
1056,48.45892832576059,-7.115788715,1.5270353999999884,2025W31_2A_0127_2,60888.16336,113.5826,7.716072,28.956045,33.881104,42.772277,-24.465339,0.0
1057,218.9613619720117,-5.908704363,205.54227709362064,2025W27_1A_0228_3,60857.15384,113.5826,-9.617976,212.369377,51.297442,220.0,7.567735,180.0
1058,223.71281998367047,-9.067507024,23.63109434907989,2025W27_1A_0228_3,60857.15384,113.5826,-9.617976,212.369377,51.297442,220.0,7.567735,180.0
1059,223.39637698009267,-10.3720601,202.3843216532622,2025W27_1A_0228_3,60857.15384,113.5826,-9.617976,212.369377,51.297442,220.0,7.567735,180.0
1060,247.11906634755275,-1.104501441,32.357929600000006,2025W31_2A_0144_1,60888.26147,113.5826,12.734965,176.604187,91.803812,250.285714,19.422805,180.0
1061,246.6725122470058,-1.806676048,214.95341176849882,2025W31_2A_0144_1,60888.26147,113.5826,12.734965,176.604187,91.803812,250.285714,19.422805,180.0
1062,245.7883012158977,-3.416881348,214.28975794908723,2025W31_2A_0144_1,60888.26147,113.5826,12.734965,176.604187,91.803812,250.285714,19.422805,180.0
1063,249.54135444348825,-4.10015841,32.88912322,2025W31_2A_0144_1,60888.26147,113.5826,12.734965,176.604187,91.803812,250.285714,19.422805,180.0
1064,250.16539109332004,-1.264672724,34.53092565199648,2025W31_2A_0144_1,60888.26147,113.5826,12.734965,176.604187,91.803812,250.285714,19.422805,180.0
1065,252.39624809320148,-4.37415025,210.99180100927427,2025W31_2A_0144_1,60888.26147,113.5826,12.734965,176.604187,91.803812,250.285714,19.422805,180.0
1066,252.73900565971712,-3.650666383,197.9668606062684,2025W31_2A_0144_1,60888.26147,113.5826,12.734965,176.604187,91.803812,250.285714,19.422805,180.0
1067,250.073457,-1.31262925,215.5107002164342,2025W31_2A_0144_1,60888.26147,113.5826,12.734965,176.604187,91.803812,250.285714,19.422805,180.0
1068,254.0032577955392,-1.711042944,35.45611530775804,2025W31_2A_0144_1,60888.26147,113.5826,12.734965,176.604187,91.803812,250.285714,19.422805,180.0
1069,255.3358155391051,-1.783373091,29.334748100000013,2025W31_2A_0144_1,60888.26147,113.5826,12.734965,176.604187,91.803812,250.285714,19.422805,180.0
1070,254.3676499831856,-3.199454152,26.01764065902805,2025W31_2A_0144_1,60888.26147,113.5826,12.734965,176.604187,91.803812,250.285714,19.422805,180.0
1071,256.54220363364385,-5.164667854,214.25301412681955,2025W31_2A_0144_1,60888.26147,113.5826,12.734965,176.604187,91.803812,250.285714,19.422805,180.0
1072,254.9370530201741,-3.306030697,213.02968243467942,2025W31_2A_0144_1,60888.26147,113.5826,12.734965,176.604187,91.803812,250.285714,19.422805,180.0
1073,270.50899894642066,27.70553094812976,33.89398689999999,2025W36_1A_0054_1,60919.23303,113.5826,27.385608,188.938579,86.270358,278.4,49.945479,180.0
1074,278.8847571518841,27.715824817489374,28.69452659999999,2025W36_1A_0054_1,60919.23303,113.5826,27.385608,188.938579,86.270358,278.4,49.945479,180.0
1075,279.9998905246998,26.185513730420908,50.25470855570011,2025W36_1A_0054_1,60919.23303,113.5826,27.385608,188.938579,86.270358,278.4,49.945479,180.0
1076,269.1516626451189,66.45733792281888,124.6546093472148,2025W31_2A_0167_4,60888.38935,113.5826,53.819233,139.732775,125.2393,301.47924,86.378478,75.11639
1077,276.94894570779786,59.42540713248863,-122.5171117,2025W31_2A_0167_4,60888.38935,113.5826,53.819233,139.732775,125.2393,301.47924,86.378478,75.11639
1078,274.2423510582378,58.35128009020648,-179.040865,2025W31_2A_0167_4,60888.38935,113.5826,53.819233,139.732775,125.2393,301.47924,86.378478,75.11639
1079,78.01272532921487,-18.95076605,-21.70769692,2025W36_1A_0016_3,60919.06715,113.5826,-7.706376,65.61644,50.032306,74.482759,-42.676677,0.0
1080,77.02006004070387,-18.47362342,129.29261668,2025W36_1A_0016_3,60919.06715,113.5826,-7.706376,65.61644,50.032306,74.482759,-42.676677,0.0
1081,73.82085628649239,-18.79849709,-37.16716154,2025W36_1A_0016_3,60919.06715,113.5826,-7.706376,65.61644,50.032306,74.482759,-42.676677,0.0
1082,75.17090524954511,-61.38767419,162.83702446,2025W27_1A_0287_1,60857.44524,113.5826,-64.623545,305.95657,2.504943,36.843548,-80.303071,29.50697
1083,274.3699920084372,62.92023342,-122.7328354,2025W31_2A_0180_3,60888.45715,113.5826,54.357313,115.539107,124.007357,292.090436,86.486737,84.487167
1084,275.79647760235605,63.87369623714668,-122.1100034,2025W31_2A_0180_3,60888.45715,113.5826,54.357313,115.539107,124.007357,292.090436,86.486737,84.487167
1085,272.6523772984186,58.19046692767786,54.6196671,2025W31_2A_0180_3,60888.45715,113.5826,54.357313,115.539107,124.007357,292.090436,86.486737,84.487167
1086,287.99436288953854,-28.21986245,-176.9190091,2025W38_1A_0095_3,60933.30881,113.5826,-53.636681,146.500085,65.445739,283.333333,-6.977735,180.0
1087,289.3021411224576,-28.34049147,149.25094889471876,2025W38_1A_0095_3,60933.30881,113.5826,-53.636681,146.500085,65.445739,283.333333,-6.977735,180.0
1088,82.02948137724194,-19.7658785,0.5830145323297099,2025W36_1A_0016_4,60919.06865,113.5826,-0.405449,64.088779,52.737965,74.482759,-42.48001,0.0
1089,83.01512512255678,-17.41293238,-91.02929475,2025W36_1A_0016_4,60919.06865,113.5826,-0.405449,64.088779,52.737965,74.482759,-42.48001,0.0
1090,80.42183708958754,-21.04098284,128.61152603,2025W36_1A_0016_4,60919.06865,113.5826,-0.405449,64.088779,52.737965,74.482759,-42.48001,0.0
1091,81.58818911248075,-20.41464359,180.439084565,2025W36_1A_0016_4,60919.06865,113.5826,-0.405449,64.088779,52.737965,74.482759,-42.48001,0.0
1092,78.73710598914761,-20.70454203,-21.21561643,2025W36_1A_0016_4,60919.06865,113.5826,-0.405449,64.088779,52.737965,74.482759,-42.48001,0.0
1093,76.73637465920713,-20.00399585,-85.33185201,2025W36_1A_0016_4,60919.06865,113.5826,-0.405449,64.088779,52.737965,74.482759,-42.48001,0.0
1094,76.75867355,-20.1728293,-90.6352441,2025W36_1A_0016_4,60919.06865,113.5826,-0.405449,64.088779,52.737965,74.482759,-42.48001,0.0
1095,72.52959222,-21.35070932,-30.4366259,2025W36_1A_0016_4,60919.06865,113.5826,-0.405449,64.088779,52.737965,74.482759,-42.48001,0.0
1096,75.00634709752431,-20.22322282,-38.7410291,2025W36_1A_0016_4,60919.06865,113.5826,-0.405449,64.088779,52.737965,74.482759,-42.48001,0.0
1097,75.19406010184512,-20.0277179,-84.24669331,2025W36_1A_0016_4,60919.06865,113.5826,-0.405449,64.088779,52.737965,74.482759,-42.48001,0.0
1098,74.95554100674939,-19.91489682,-83.16197594,2025W36_1A_0016_4,60919.06865,113.5826,-0.405449,64.088779,52.737965,74.482759,-42.48001,0.0
1099,270.9793477987247,68.14202869950519,-147.6117236,2025W31_2A_0167_3,60888.38785,113.5826,62.136615,144.632784,117.53121,304.455444,86.324561,72.146195
1100,276.7418245455564,64.52447929,-117.4703426,2025W31_2A_0167_3,60888.38785,113.5826,62.136615,144.632784,117.53121,304.455444,86.324561,72.146195
1101,275.111459,63.313475947213135,293.22240715071956,2025W31_2A_0167_3,60888.38785,113.5826,62.136615,144.632784,117.53121,304.455444,86.324561,72.146195
1102,262.0794121446374,57.64531047452796,11.973291808332617,2025W38_1A_0030_1,60933.0876,113.5826,37.890081,243.371016,56.252415,270.0,80.405219,180.0
1103,282.2772994704176,74.37695606,243.7151671495484,2025W27_1A_0268_2,60857.33829,113.5826,81.599082,256.024916,82.537345,38.225586,85.456965,309.596291
1104,27.99336129328999,-23.57821864,341.9179102240311,2025W27_1A_0249_3,60857.25336,113.5826,-2.83871,358.291967,13.678919,11.25,-31.671208,0.0
1105,216.84510218578947,0.9497404244765776,-150.1469246,2025W27_1A_0203_2,60857.01558,113.5826,2.629265,263.846983,15.537143,218.691589,13.593603,180.0
1106,217.17959852644097,0.6941595749191424,-161.0933156,2025W27_1A_0203_2,60857.01558,113.5826,2.629265,263.846983,15.537143,218.691589,13.593603,180.0
1107,217.29065489230533,1.2633965891562575,-156.9492679,2025W27_1A_0203_2,60857.01558,113.5826,2.629265,263.846983,15.537143,218.691589,13.593603,180.0
1108,216.6615677334549,-0.370550823,-150.9773729,2025W27_1A_0203_2,60857.01558,113.5826,2.629265,263.846983,15.537143,218.691589,13.593603,180.0
1109,215.2362183299201,-0.222826615,-152.4157542,2025W27_1A_0203_2,60857.01558,113.5826,2.629265,263.846983,15.537143,218.691589,13.593603,180.0
1110,217.7676679,-0.246534672,-151.6478679,2025W27_1A_0203_2,60857.01558,113.5826,2.629265,263.846983,15.537143,218.691589,13.593603,180.0
1111,218.1134583185963,-2.046929582,-148.0681844,2025W27_1A_0203_2,60857.01558,113.5826,2.629265,263.846983,15.537143,218.691589,13.593603,180.0
1112,219.8449057688577,-0.263597885,28.581968200000006,2025W27_1A_0203_2,60857.01558,113.5826,2.629265,263.846983,15.537143,218.691589,13.593603,180.0
1113,219.8990962855563,-0.35668629,27.491078499999986,2025W27_1A_0203_2,60857.01558,113.5826,2.629265,263.846983,15.537143,218.691589,13.593603,180.0
1114,222.0778583832812,-1.852230437,-150.3062355,2025W27_1A_0203_2,60857.01558,113.5826,2.629265,263.846983,15.537143,218.691589,13.593603,180.0
1115,220.7046984068757,-0.710754975,-148.9956415,2025W27_1A_0203_2,60857.01558,113.5826,2.629265,263.846983,15.537143,218.691589,13.593603,180.0
1116,221.31164333319623,-0.637893268,-149.4420664,2025W27_1A_0203_2,60857.01558,113.5826,2.629265,263.846983,15.537143,218.691589,13.593603,180.0
1117,223.68648520702152,-2.284751826,-141.2834363,2025W27_1A_0203_2,60857.01558,113.5826,2.629265,263.846983,15.537143,218.691589,13.593603,180.0
1118,223.5978813,-1.017327844,29.796073199999995,2025W27_1A_0203_2,60857.01558,113.5826,2.629265,263.846983,15.537143,218.691589,13.593603,180.0
1119,223.1961776617976,-0.765345933,30.35879700000001,2025W27_1A_0203_2,60857.01558,113.5826,2.629265,263.846983,15.537143,218.691589,13.593603,180.0
1120,276.0135138200505,59.40657244172068,56.86913989999999,2025W31_2A_0180_4,60888.45865,113.5826,47.14846,112.462552,118.957158,288.963197,86.49635,87.608398
1121,226.6774291,80.20675341090477,99.69509124780213,2025W38_1A_0088_1,60933.2812,113.5826,81.902212,267.84645,79.925326,96.0,72.153084,0.0
1122,305.61073012305707,84.51163783,58.1887655,2025W38_1A_0088_1,60933.2812,113.5826,81.902212,267.84645,79.925326,96.0,72.153084,0.0
1123,299.03458017237205,82.70756965274491,46.19326760000001,2025W38_1A_0088_1,60933.2812,113.5826,81.902212,267.84645,79.925326,96.0,72.153084,0.0
1124,275.50499867566634,67.21286410028277,-106.0749879,2025W31_2A_0153_4,60888.32207,113.5826,50.880611,162.863775,117.856443,312.706181,86.104613,63.913487
1125,277.43010570667496,64.20562600399843,-120.6381379,2025W31_2A_0153_4,60888.32207,113.5826,50.880611,162.863775,117.856443,312.706181,86.104613,63.913487
1126,277.28902564443075,60.11754738575517,109.52683895251612,2025W31_2A_0153_4,60888.32207,113.5826,50.880611,162.863775,117.856443,312.706181,86.104613,63.913487
1127,277.83226962496235,59.50006343591132,-114.555951,2025W31_2A_0153_4,60888.32207,113.5826,50.880611,162.863775,117.856443,312.706181,86.104613,63.913487
1128,297.3727049552492,-84.80281799,266.92366545,2025W36_1A_0060_1,60919.25497,113.5826,-81.605169,105.481944,36.979629,270.0,-62.327615,180.0
1129,209.99205902355948,35.346246605161426,37.56267410000001,2025W22_2B_0442_3,60827.0496,113.5826,42.93284,258.887408,56.258931,190.344828,42.873344,180.0
1130,212.06584821117232,32.06768712176758,-130.7309759,2025W22_2B_0442_3,60827.0496,113.5826,42.93284,258.887408,56.258931,190.344828,42.873344,180.0
1131,211.91007080540444,-9.602345315,-160.6388385,2025W27_1A_0216_4,60857.08795,113.5826,-21.118048,234.298977,28.349311,216.666667,2.588134,180.0
1132,248.3577976956069,-6.85556917,207.63194947807742,2025W31_2A_0195_2,60888.53573,113.5826,-0.901777,75.915866,59.480661,251.320755,15.033204,180.0
1133,250.5807923940644,-7.159148367,206.44035905,2025W31_2A_0195_2,60888.53573,113.5826,-0.901777,75.915866,59.480661,251.320755,15.033204,180.0
1134,251.68478362551383,-6.616830951,23.36633796788216,2025W31_2A_0195_2,60888.53573,113.5826,-0.901777,75.915866,59.480661,251.320755,15.033204,180.0
1135,256.32902586094536,-6.852606867,220.5096188291693,2025W31_2A_0195_2,60888.53573,113.5826,-0.901777,75.915866,59.480661,251.320755,15.033204,180.0
1136,62.09958390733959,-28.96840127,87.52227848,2025W31_2A_0138_4,60888.22845,113.5826,-7.386805,7.664969,12.478087,45.56962,-49.292545,0.0
1137,166.13121176085366,12.750899598505365,100.01224399264323,2025W18_1B_0399_1,60796.14075,113.5826,32.398214,223.861593,62.131245,160.0,7.961069,180.0
1138,168.21842276541102,12.27681260397578,224.50006505701458,2025W18_1B_0399_1,60796.14075,113.5826,32.398214,223.861593,62.131245,160.0,7.961069,180.0
1139,167.9936815119439,15.33620166922518,-133.5117893,2025W18_1B_0399_1,60796.14075,113.5826,32.398214,223.861593,62.131245,160.0,7.961069,180.0
1140,272.0263938,58.86636142166795,-57.21099618,2025W27_1A_0318_2,60857.61111,113.5826,81.257307,114.469065,101.374888,291.313158,85.808704,56.667825
1141,274.0212844620509,63.26442315062187,-122.0778038,2025W31_2A_0153_3,60888.32058,113.5826,58.05571,166.423905,113.20893,315.295259,86.013491,61.33042
1142,279.0818016182058,60.617437505261634,-116.7103905,2025W31_2A_0153_3,60888.32058,113.5826,58.05571,166.423905,113.20893,315.295259,86.013491,61.33042
1143,280.7358224,58.68406396551048,-121.1292256,2025W31_2A_0153_3,60888.32058,113.5826,58.05571,166.423905,113.20893,315.295259,86.013491,61.33042
1144,200.7307520251487,-32.05556208,26.49573663918678,2025W27_1A_0310_1,60857.56629,113.5826,-35.380279,59.528395,36.057678,209.708738,-22.632405,180.0
1145,201.44917845517068,-32.94276939,350.20800547162054,2025W27_1A_0310_1,60857.56629,113.5826,-35.380279,59.528395,36.057678,209.708738,-22.632405,180.0
1146,164.81903433338584,29.86567587994168,-142.2372591,2025W18_1B_0409_2,60796.2073,113.5826,40.257791,201.655716,81.871145,157.714286,20.602805,180.0
1147,164.3706841306934,29.837203541022696,32.032521900000006,2025W18_1B_0409_2,60796.2073,113.5826,40.257791,201.655716,81.871145,157.714286,20.602805,180.0
1148,203.20529767401464,38.66489750221958,-118.3394554,2025W22_2B_0442_4,60827.05109,113.5826,34.487554,256.341654,49.934406,190.344828,42.676677,180.0
1149,212.55853589628285,-9.037036189,-155.2199811,2025W27_1A_0216_3,60857.08646,113.5826,-12.612489,236.185257,28.349311,216.666667,2.784801,180.0
1150,214.15016868652884,-9.399492439,-155.9842065,2025W27_1A_0216_3,60857.08646,113.5826,-12.612489,236.185257,28.349311,216.666667,2.784801,180.0
1151,218.65489908556023,-10.68599009,24.506446899999986,2025W27_1A_0216_3,60857.08646,113.5826,-12.612489,236.185257,28.349311,216.666667,2.784801,180.0
1152,80.03334527668335,-34.30917964,-177.5282435,2025W36_1A_0001_1,60919.00112,113.5826,2.563604,87.924151,74.173896,72.0,-56.301747,0.0
1153,282.4936216830196,-52.86096738,-178.4360165,2025W36_1A_0028_3,60919.11464,113.5826,-62.85275,211.619548,41.51036,277.5,-31.081207,180.0
1154,91.69448687,-15.04063296,64.3232175,2025W38_1A_0082_1,60933.26198,113.5826,-13.437468,356.204632,2.77942,88.0,-39.467076,0.0
1155,87.89708890838449,-15.19377065,-56.95355075,2025W38_1A_0082_1,60933.26198,113.5826,-13.437468,356.204632,2.77942,88.0,-39.467076,0.0
1156,339.45083625465827,-56.48341436,-113.1419159,2025W18_1B_0403_2,60796.16939,113.5826,-60.051142,42.485705,27.817839,316.626506,-44.902944,0.0
1157,84.48742541332987,-57.01369352,127.88117308,2025W31_2A_0113_2,60888.08123,113.5826,-66.193255,78.104949,46.526383,51.428571,-80.995219,0.0
1158,77.18746733603551,-58.51330809,255.0683943082472,2025W31_2A_0113_2,60888.08123,113.5826,-66.193255,78.104949,46.526383,51.428571,-80.995219,0.0
1159,71.11257654660538,-59.70009226,-44.79232862,2025W31_2A_0113_2,60888.08123,113.5826,-66.193255,78.104949,46.526383,51.428571,-80.995219,0.0
1160,40.94457698372992,26.690235708393857,121.01612192,2025W38_1A_0065_1,60933.20689,113.5826,53.84029,3.085207,62.707115,47.102804,11.233603,0.0
1161,272.47854748025406,-53.23311038,53.495099800000006,2025W36_1A_0028_4,60919.11613,113.5826,-70.83735,203.131158,41.147687,277.5,-31.277874,180.0
1162,279.2051749208744,-55.3352114,209.4627349046517,2025W36_1A_0028_4,60919.11613,113.5826,-70.83735,203.131158,41.147687,277.5,-31.277874,180.0
1163,285.0153298087887,-53.3407968,169.24715439713967,2025W36_1A_0028_4,60919.11613,113.5826,-70.83735,203.131158,41.147687,277.5,-31.277874,180.0
1164,289.0231106886191,-53.59759427,319.46161212697245,2025W36_1A_0028_4,60919.11613,113.5826,-70.83735,203.131158,41.147687,277.5,-31.277874,180.0
1165,222.9589017,8.384613806019447,41.27762552355555,2025W27_1A_0256_2,60857.28562,113.5826,10.962185,167.780036,99.646473,220.194175,23.025739,180.0
1166,219.9572251,8.415020984,229.95707393646478,2025W27_1A_0256_2,60857.28562,113.5826,10.962185,167.780036,99.646473,220.194175,23.025739,180.0
1167,226.0788871896456,5.652990878482942,203.9865811575513,2025W27_1A_0256_2,60857.28562,113.5826,10.962185,167.780036,99.646473,220.194175,23.025739,180.0
1168,335.03876334366186,-61.48055481,-43.04481037,2025W18_1B_0393_1,60796.09977,113.5826,-68.724684,74.56518,44.17024,316.626506,-45.886278,0.0
1169,336.71134434671745,-61.36820458,-44.86438865,2025W18_1B_0393_1,60796.09977,113.5826,-68.724684,74.56518,44.17024,316.626506,-45.886278,0.0
1170,335.86473019057377,51.56949946166833,-55.11602105,2025W27_1A_0212_2,60857.06523,113.5826,78.002116,24.41507,83.32023,15.428571,55.711747,0.0
1171,206.15748312547368,-12.26391409,30.265162299999986,2025W27_1A_0271_1,60857.35565,113.5826,0.572287,141.139669,119.748874,213.333333,-1.211467,180.0
1172,207.53515358708137,-14.14466662,19.82354140000001,2025W27_1A_0271_1,60857.35565,113.5826,0.572287,141.139669,119.748874,213.333333,-1.211467,180.0
1173,214.5896641875832,-14.66404918,192.91063074,2025W27_1A_0271_1,60857.35565,113.5826,0.572287,141.139669,119.748874,213.333333,-1.211467,180.0
1174,213.3809996598284,-13.49426034,208.33007093639188,2025W27_1A_0271_1,60857.35565,113.5826,0.572287,141.139669,119.748874,213.333333,-1.211467,180.0
1175,316.59379687983403,-7.457062118,155.49118122,2025W18_1B_0395_3,60796.11606,113.5826,15.390046,45.480097,49.793677,313.333333,9.990669,0.0
1176,315.53225981461225,-7.89721767,156.89963666,2025W18_1B_0395_3,60796.11606,113.5826,15.390046,45.480097,49.793677,313.333333,9.990669,0.0
1177,317.71163497521536,-5.326969051,145.08839564,2025W18_1B_0395_3,60796.11606,113.5826,15.390046,45.480097,49.793677,313.333333,9.990669,0.0
1178,314.0243549518488,-7.562931699,150.46340059,2025W18_1B_0395_3,60796.11606,113.5826,15.390046,45.480097,49.793677,313.333333,9.990669,0.0
1179,312.02926240545787,-6.699510897,148.95202704,2025W18_1B_0395_3,60796.11606,113.5826,15.390046,45.480097,49.793677,313.333333,9.990669,0.0
1180,308.2346900622017,-8.844239707,-33.30754742,2025W18_1B_0395_3,60796.11606,113.5826,15.390046,45.480097,49.793677,313.333333,9.990669,0.0
1181,73.54628404439231,-3.807333132,-36.90321738,2025W38_1A_0021_1,60933.06628,113.5826,28.287754,60.472243,68.990391,67.722772,-27.022006,0.0
1182,75.07569741493896,-5.41856654,-35.91926453,2025W38_1A_0021_1,60933.06628,113.5826,28.287754,60.472243,68.990391,67.722772,-27.022006,0.0
1183,74.50033851333457,-5.450838859,-36.07252886,2025W38_1A_0021_1,60933.06628,113.5826,28.287754,60.472243,68.990391,67.722772,-27.022006,0.0
1184,74.03307628,-5.521296336,-36.68643025,2025W38_1A_0021_1,60933.06628,113.5826,28.287754,60.472243,68.990391,67.722772,-27.022006,0.0
1185,73.55167197737565,-5.695159674,-37.55537397,2025W38_1A_0021_1,60933.06628,113.5826,28.287754,60.472243,68.990391,67.722772,-27.022006,0.0
1186,72.48583092567064,-6.078650815,-36.71353579,2025W38_1A_0021_1,60933.06628,113.5826,28.287754,60.472243,68.990391,67.722772,-27.022006,0.0
1187,72.42590361466534,-5.751886613,142.88195262,2025W38_1A_0021_1,60933.06628,113.5826,28.287754,60.472243,68.990391,67.722772,-27.022006,0.0
1188,71.81314307172387,-5.348910402,-37.03816501,2025W38_1A_0021_1,60933.06628,113.5826,28.287754,60.472243,68.990391,67.722772,-27.022006,0.0
1189,69.77512542194347,-5.384883677,142.45803206,2025W38_1A_0021_1,60933.06628,113.5826,28.287754,60.472243,68.990391,67.722772,-27.022006,0.0
1190,69.97469510193396,-5.873029361,-38.65290355,2025W38_1A_0021_1,60933.06628,113.5826,28.287754,60.472243,68.990391,67.722772,-27.022006,0.0
1191,69.40057064143197,-5.274934126,-37.48760691,2025W38_1A_0021_1,60933.06628,113.5826,28.287754,60.472243,68.990391,67.722772,-27.022006,0.0
1192,69.17118663025533,-5.371179903,141.90924057,2025W38_1A_0021_1,60933.06628,113.5826,28.287754,60.472243,68.990391,67.722772,-27.022006,0.0
1193,68.68720337711721,-5.510736726,-38.11421536,2025W38_1A_0021_1,60933.06628,113.5826,28.287754,60.472243,68.990391,67.722772,-27.022006,0.0
1194,68.47210956191134,-4.212123205,321.4539719830202,2025W38_1A_0021_1,60933.06628,113.5826,28.287754,60.472243,68.990391,67.722772,-27.022006,0.0
1195,67.50426081928923,-4.534733234,141.37085876561312,2025W38_1A_0021_1,60933.06628,113.5826,28.287754,60.472243,68.990391,67.722772,-27.022006,0.0
1196,67.65449288,-4.688667951,138.87756314,2025W38_1A_0021_1,60933.06628,113.5826,28.287754,60.472243,68.990391,67.722772,-27.022006,0.0
1197,67.86356807435295,-5.125969463,142.14295099999998,2025W38_1A_0021_1,60933.06628,113.5826,28.287754,60.472243,68.990391,67.722772,-27.022006,0.0
1198,66.73513294815083,-5.275124201,141.52218081,2025W38_1A_0021_1,60933.06628,113.5826,28.287754,60.472243,68.990391,67.722772,-27.022006,0.0
1199,66.21732663232912,-5.351625675,140.43512413,2025W38_1A_0021_1,60933.06628,113.5826,28.287754,60.472243,68.990391,67.722772,-27.022006,0.0
1200,66.00539516331193,-5.400097164,-30.01671504,2025W38_1A_0021_1,60933.06628,113.5826,28.287754,60.472243,68.990391,67.722772,-27.022006,0.0
1201,65.65860181877939,-4.855513925,-5.466948029,2025W38_1A_0021_1,60933.06628,113.5826,28.287754,60.472243,68.990391,67.722772,-27.022006,0.0
1202,66.39056484832064,-6.353882381,138.67833542,2025W38_1A_0021_1,60933.06628,113.5826,28.287754,60.472243,68.990391,67.722772,-27.022006,0.0
1203,66.00767648668321,-6.171946989,-39.62922183,2025W38_1A_0021_1,60933.06628,113.5826,28.287754,60.472243,68.990391,67.722772,-27.022006,0.0
1204,65.09677460687189,-5.387059603,140.70945336,2025W38_1A_0021_1,60933.06628,113.5826,28.287754,60.472243,68.990391,67.722772,-27.022006,0.0
1205,64.7767837,-6.594007028,-42.73946866,2025W38_1A_0021_1,60933.06628,113.5826,28.287754,60.472243,68.990391,67.722772,-27.022006,0.0
1206,66.98640928563763,-5.962557109,140.81616326,2025W38_1A_0021_1,60933.06628,113.5826,28.287754,60.472243,68.990391,67.722772,-27.022006,0.0
1207,265.8250984098761,66.77613533820742,-149.2425156,2025W36_1A_0007_4,60919.02606,113.5826,45.159928,267.450994,55.497638,45.091832,89.657655,0.132048
1208,87.85693204005216,-5.048197297,337.8735622208761,2025W38_1A_0063_3,60933.20101,113.5826,22.38477,12.985273,42.775701,87.272727,-29.838274,0.0
1209,85.13774776823156,-5.254936354,-40.06993136,2025W38_1A_0063_3,60933.20101,113.5826,22.38477,12.985273,42.775701,87.272727,-29.838274,0.0
1210,84.65026320315542,-4.786699532,327.19271318327526,2025W38_1A_0063_3,60933.20101,113.5826,22.38477,12.985273,42.775701,87.272727,-29.838274,0.0
1211,28.75899531493196,44.872111635403066,167.3896000118482,2025W31_2A_0191_3,60888.51585,113.5826,73.10451,235.795293,86.012341,43.636364,29.838274,0.0
1212,317.9137816246947,-5.628646449,-35.30868405,2025W18_1B_0395_4,60796.11757,113.5826,23.901241,43.549679,55.102725,313.333333,10.187336,0.0
1213,316.24719755705354,-4.633120778,-29.22298995,2025W18_1B_0395_4,60796.11757,113.5826,23.901241,43.549679,55.102725,313.333333,10.187336,0.0
1214,315.6519477655846,-4.72972255,-29.00633591,2025W18_1B_0395_4,60796.11757,113.5826,23.901241,43.549679,55.102725,313.333333,10.187336,0.0
1215,317.85165630945704,-7.186121795,162.79309702,2025W18_1B_0395_4,60796.11757,113.5826,23.901241,43.549679,55.102725,313.333333,10.187336,0.0
1216,314.0517628,-7.244190454,-1.336065833,2025W18_1B_0395_4,60796.11757,113.5826,23.901241,43.549679,55.102725,313.333333,10.187336,0.0
1217,313.4823455098782,-6.995065861,-29.76351636,2025W18_1B_0395_4,60796.11757,113.5826,23.901241,43.549679,55.102725,313.333333,10.187336,0.0
1218,312.26306272120166,-6.618183518,148.23431988,2025W18_1B_0395_4,60796.11757,113.5826,23.901241,43.549679,55.102725,313.333333,10.187336,0.0
1219,308.7885218157159,-9.666829547,145.01699831,2025W18_1B_0395_4,60796.11757,113.5826,23.901241,43.549679,55.102725,313.333333,10.187336,0.0
1220,307.7180505,-8.491024547,-40.004803,2025W18_1B_0395_4,60796.11757,113.5826,23.901241,43.549679,55.102725,313.333333,10.187336,0.0
1221,278.35355781514806,-57.38683575,-132.4030893,2025W36_1A_0045_1,60919.17966,113.5826,-48.142957,195.04803,55.882138,274.83871,-34.684142,180.0
1222,278.3571290736586,-58.15538846,9.415398399999987,2025W36_1A_0045_1,60919.17966,113.5826,-48.142957,195.04803,55.882138,274.83871,-34.684142,180.0
1223,205.3105425587653,-28.27188619,-5.406350528,2025W27_1A_0258_4,60857.29578,113.5826,-42.451681,155.207982,74.648044,210.566038,-16.016537,180.0
1224,278.6407831436588,64.05548068195847,43.43327398301834,2025W36_1A_0007_3,60919.02457,113.5826,52.368181,270.317181,61.959794,45.354005,89.460944,359.869876
1225,49.50200848445004,-13.53632108,176.219879104,2025W31_2A_0176_4,60888.43632,113.5826,14.036514,289.786892,17.513673,43.636364,-29.44494,0.0
1226,45.32697650573786,-14.29928806,-44.0092531,2025W31_2A_0176_4,60888.43632,113.5826,14.036514,289.786892,17.513673,43.636364,-29.44494,0.0
1227,45.26328023959909,-14.31689095,136.39379488,2025W31_2A_0176_4,60888.43632,113.5826,14.036514,289.786892,17.513673,43.636364,-29.44494,0.0
1228,1.2437532622632328,28.168017926247003,112.32752262,2025W27_1A_0252_3,60857.26569,113.5826,62.260363,337.967601,59.015637,14.257426,25.842006,0.0
1229,357.85028403916726,27.80303139205472,-72.66258927,2025W27_1A_0252_3,60857.26569,113.5826,62.260363,337.967601,59.015637,14.257426,25.842006,0.0
1230,4.613177191515137,26.74242347427816,123.0487047278958,2025W27_1A_0316_3,60857.60349,113.5826,52.409849,221.345571,77.042765,13.980583,21.255738,0.0
1231,0.6187152394055391,23.045997178814225,-177.0269873,2025W27_1A_0316_3,60857.60349,113.5826,52.409849,221.345571,77.042765,13.980583,21.255738,0.0
1232,358.1716583177851,24.247291751415805,74.399689,2025W27_1A_0316_3,60857.60349,113.5826,52.409849,221.345571,77.042765,13.980583,21.255738,0.0
1233,288.6825925526043,69.11276218964535,240.56290174163556,2025W38_1A_0069_3,60933.2184,113.5826,63.976224,206.690097,97.072014,43.029858,86.010246,61.357014
1234,170.3959647,42.48618792050794,16.06393639999999,2025W18_1B_0378_4,60796.00547,113.5826,28.770999,271.841118,39.668102,147.096774,34.684142,180.0
1235,14.85462471,0.2458421484298068,149.71041864,2025W27_1A_0210_1,60857.05189,113.5826,9.774811,69.014039,62.111874,10.0,-4.161468,0.0
1236,15.738394305462943,1.8926840344231588,150.01631109,2025W27_1A_0210_1,60857.05189,113.5826,9.774811,69.014039,62.111874,10.0,-4.161468,0.0
1237,11.862572561190497,-0.494175344,151.15925367,2025W27_1A_0210_1,60857.05189,113.5826,9.774811,69.014039,62.111874,10.0,-4.161468,0.0
1238,11.106464751310698,-0.35409248,-24.08399219,2025W27_1A_0210_1,60857.05189,113.5826,9.774811,69.014039,62.111874,10.0,-4.161468,0.0
1239,10.207124255760004,-0.470805735,149.21554054,2025W27_1A_0210_1,60857.05189,113.5826,9.774811,69.014039,62.111874,10.0,-4.161468,0.0
1240,10.419806470206645,-1.157197379,-20.92146618,2025W27_1A_0210_1,60857.05189,113.5826,9.774811,69.014039,62.111874,10.0,-4.161468,0.0
1241,10.32592469478522,-0.984548016,-31.37226391,2025W27_1A_0210_1,60857.05189,113.5826,9.774811,69.014039,62.111874,10.0,-4.161468,0.0
1242,11.041093399652343,1.3664541443294602,-15.06710505,2025W27_1A_0210_1,60857.05189,113.5826,9.774811,69.014039,62.111874,10.0,-4.161468,0.0
1243,7.544611362770512,-0.738409767,149.34352818,2025W27_1A_0210_1,60857.05189,113.5826,9.774811,69.014039,62.111874,10.0,-4.161468,0.0
1244,8.631226203482562,-2.002547056,150.41555719000002,2025W27_1A_0210_1,60857.05189,113.5826,9.774811,69.014039,62.111874,10.0,-4.161468,0.0
1245,8.142562639,-2.121773713,-29.48091735,2025W27_1A_0210_1,60857.05189,113.5826,9.774811,69.014039,62.111874,10.0,-4.161468,0.0
1246,6.384034026596223,-2.13250868,-29.2939482,2025W27_1A_0210_1,60857.05189,113.5826,9.774811,69.014039,62.111874,10.0,-4.161468,0.0
1247,6.342614462190862,-2.108727557,150.79348222,2025W27_1A_0210_1,60857.05189,113.5826,9.774811,69.014039,62.111874,10.0,-4.161468,0.0
1248,5.751466950716067,-2.175050899,149.56713249,2025W27_1A_0210_1,60857.05189,113.5826,9.774811,69.014039,62.111874,10.0,-4.161468,0.0
1249,121.90279048119152,-80.08982781,92.56522363,2025W31_2A_0136_2,60888.21509,113.5826,-75.930239,45.392558,31.157267,240.0,-75.362685,180.0
1250,98.86036155,-52.48164759,24.871209300000004,2025W38_1A_0040_1,60933.12135,113.5826,-39.094492,51.480525,29.477933,98.181818,-77.195619,0.0
1251,276.6471554179405,64.02366612084532,-30.26948595,2025W18_1B_0407_3,60796.19484,113.5826,72.18666,353.463425,73.508232,335.738462,85.579285,307.611815
1252,247.42015162447092,9.974705415129655,239.99521598800197,2025W31_2A_0155_1,60888.3268,113.5826,25.448141,155.025295,115.896105,247.5,31.867874,180.0
1253,185.83633947195204,-6.641052761,32.206581099999994,2025W22_2B_0444_1,60827.05688,113.5826,4.198626,249.334357,24.547391,193.333333,-4.358134,180.0
1254,185.90169312558243,-7.199738556,-148.7659111,2025W22_2B_0444_1,60827.05688,113.5826,4.198626,249.334357,24.547391,193.333333,-4.358134,180.0
1255,191.16692813700573,-8.232731594,-148.4030709,2025W22_2B_0444_1,60827.05688,113.5826,4.198626,249.334357,24.547391,193.333333,-4.358134,180.0
1256,190.1931688260556,-10.48889345,-148.6814517,2025W22_2B_0444_1,60827.05688,113.5826,4.198626,249.334357,24.547391,193.333333,-4.358134,180.0
1257,195.29969426707007,-9.760149869,-148.3876534,2025W22_2B_0444_1,60827.05688,113.5826,4.198626,249.334357,24.547391,193.333333,-4.358134,180.0
1258,194.70529149552792,-10.62808014,0.07417200000000435,2025W22_2B_0444_1,60827.05688,113.5826,4.198626,249.334357,24.547391,193.333333,-4.358134,180.0
1259,159.4784339226432,46.07326214973347,13.949334899999997,2025W18_1B_0378_3,60796.00396,113.5826,37.256396,274.125936,46.858232,147.096774,34.880808,180.0
1260,285.63019199960223,69.54090314640047,202.68442367628,2025W38_1A_0069_4,60933.21989,113.5826,55.720891,201.299768,94.153866,40.470839,86.097933,63.910023
1261,233.7761011156504,59.93065907562681,-133.8035313,2025W27_1A_0294_2,60857.48143,113.5826,52.57628,106.256382,117.592519,203.076923,73.396018,180.0
1262,235.04251126197173,57.77295120492753,234.97533544,2025W27_1A_0294_2,60857.48143,113.5826,52.57628,106.256382,117.592519,203.076923,73.396018,180.0
1263,277.2254183333022,4.572397274962791,38.30450808018077,2025W36_1A_0024_1,60919.10304,113.5826,-2.78655,231.225978,35.633993,272.727273,27.281607,180.0
1264,277.2216078716709,4.510189509741514,-136.3871772,2025W36_1A_0024_1,60919.10304,113.5826,-2.78655,231.225978,35.633993,272.727273,27.281607,180.0
1265,277.64139343913035,2.3432535550952296,52.39882774376112,2025W36_1A_0024_1,60919.10304,113.5826,-2.78655,231.225978,35.633993,272.727273,27.281607,180.0
1266,290.0140035,63.96069062926786,173.081739061,2025W18_1B_0407_4,60796.19634,113.5826,78.303461,336.263802,75.656151,337.825747,85.699796,305.530542
1267,292.5866434541612,66.00213181777583,-4.050005806,2025W18_1B_0407_4,60796.19634,113.5826,78.303461,336.263802,75.656151,337.825747,85.699796,305.530542
1268,291.3736189340942,65.84774738267716,164.56193859,2025W18_1B_0407_4,60796.19634,113.5826,78.303461,336.263802,75.656151,337.825747,85.699796,305.530542
1269,278.50784922566976,65.70327983406239,103.4560464,2025W18_1B_0407_4,60796.19634,113.5826,78.303461,336.263802,75.656151,337.825747,85.699796,305.530542
1270,75.71379353,-5.184396182,144.90047464,2025W38_1A_0044_1,60933.134,113.5826,27.766463,36.148562,56.167203,69.090909,-28.85494,0.0
1271,75.44610843271502,-5.207879125,145.23628684,2025W38_1A_0044_1,60933.134,113.5826,27.766463,36.148562,56.167203,69.090909,-28.85494,0.0
1272,75.40896631992216,-5.221794827,-35.69533512,2025W38_1A_0044_1,60933.134,113.5826,27.766463,36.148562,56.167203,69.090909,-28.85494,0.0
1273,74.94068503320209,-5.272931642,-35.47906162,2025W38_1A_0044_1,60933.134,113.5826,27.766463,36.148562,56.167203,69.090909,-28.85494,0.0
1274,72.57129546150868,-5.291353836,143.64822829,2025W38_1A_0044_1,60933.134,113.5826,27.766463,36.148562,56.167203,69.090909,-28.85494,0.0
1275,72.09144259018481,-5.315297361,143.53662644,2025W38_1A_0044_1,60933.134,113.5826,27.766463,36.148562,56.167203,69.090909,-28.85494,0.0
1276,72.04475007630816,-5.334949522,142.90622539,2025W38_1A_0044_1,60933.134,113.5826,27.766463,36.148562,56.167203,69.090909,-28.85494,0.0
1277,71.57228976692477,-5.249644573,141.00276048,2025W38_1A_0044_1,60933.134,113.5826,27.766463,36.148562,56.167203,69.090909,-28.85494,0.0
1278,70.35751743558968,-5.80494308,-14.56856772,2025W38_1A_0044_1,60933.134,113.5826,27.766463,36.148562,56.167203,69.090909,-28.85494,0.0
1279,69.82585021829576,-5.465783413,-37.54656149,2025W38_1A_0044_1,60933.134,113.5826,27.766463,36.148562,56.167203,69.090909,-28.85494,0.0
1280,70.96609976485776,-5.291846323,142.83051123,2025W38_1A_0044_1,60933.134,113.5826,27.766463,36.148562,56.167203,69.090909,-28.85494,0.0
1281,70.66491152632472,-8.061388385,140.60588517,2025W38_1A_0044_1,60933.134,113.5826,27.766463,36.148562,56.167203,69.090909,-28.85494,0.0
1282,68.70400273,-7.158541911,-36.13523917,2025W38_1A_0044_1,60933.134,113.5826,27.766463,36.148562,56.167203,69.090909,-28.85494,0.0
1283,68.13645007085479,-7.472056741,142.49119924000001,2025W38_1A_0044_1,60933.134,113.5826,27.766463,36.148562,56.167203,69.090909,-28.85494,0.0
1284,67.11120620841379,-5.584768114,141.69032276000002,2025W38_1A_0044_1,60933.134,113.5826,27.766463,36.148562,56.167203,69.090909,-28.85494,0.0
1285,67.16678858,-5.794264583,-38.85531235,2025W38_1A_0044_1,60933.134,113.5826,27.766463,36.148562,56.167203,69.090909,-28.85494,0.0
1286,66.99796375536879,-5.613674614,-39.17765688,2025W38_1A_0044_1,60933.134,113.5826,27.766463,36.148562,56.167203,69.090909,-28.85494,0.0
1287,66.96332123,-5.64075431,140.3904172,2025W38_1A_0044_1,60933.134,113.5826,27.766463,36.148562,56.167203,69.090909,-28.85494,0.0
1288,66.97739856,-5.662664777,-33.8498127,2025W38_1A_0044_1,60933.134,113.5826,27.766463,36.148562,56.167203,69.090909,-28.85494,0.0
1289,66.85394377,-5.62555183,-39.32052532,2025W38_1A_0044_1,60933.134,113.5826,27.766463,36.148562,56.167203,69.090909,-28.85494,0.0
1290,66.49660027764388,-5.614980842,-39.87852955,2025W38_1A_0044_1,60933.134,113.5826,27.766463,36.148562,56.167203,69.090909,-28.85494,0.0
1291,66.42820098465958,-6.316499139,-36.82025461,2025W38_1A_0044_1,60933.134,113.5826,27.766463,36.148562,56.167203,69.090909,-28.85494,0.0
1292,65.96807951969863,-6.387297669,-40.85462515,2025W38_1A_0044_1,60933.134,113.5826,27.766463,36.148562,56.167203,69.090909,-28.85494,0.0
1293,66.20400918948235,-6.784620581,147.8481161,2025W38_1A_0044_1,60933.134,113.5826,27.766463,36.148562,56.167203,69.090909,-28.85494,0.0
1294,66.41262887,-8.544847259,147.3080116,2025W38_1A_0044_1,60933.134,113.5826,27.766463,36.148562,56.167203,69.090909,-28.85494,0.0
1295,75.11163204987635,-61.10584022,-115.9704811,2025W31_2A_0113_3,60888.08272,113.5826,-59.211516,72.699228,45.129965,51.428571,-80.798553,0.0
1296,253.6058672327545,48.58935943652529,216.51776866697415,2025W31_2A_0132_2,60888.19104,113.5826,25.579766,203.965147,72.445833,240.0,71.366417,180.0
1297,267.33939625562886,69.91987944,169.32749990808472,2025W38_1A_0006_3,60933.01462,113.5826,63.649303,279.771353,68.589267,119.001531,85.583669,307.632328
1298,32.28910688796045,17.379789747606335,160.82799661,2025W31_2A_0151_1,60888.30384,113.5826,30.891201,334.741158,29.566183,40.0,5.601068,0.0
1299,220.32283542076632,9.039589045933935,188.003574073,2025W27_1A_0256_3,60857.28711,113.5826,3.663497,166.24051,99.477746,220.194175,22.829072,180.0
1300,220.8917575,8.857455301643212,191.61779203369827,2025W27_1A_0256_3,60857.28711,113.5826,3.663497,166.24051,99.477746,220.194175,22.829072,180.0
1301,221.25715753867112,9.513294229345364,48.57792594845188,2025W27_1A_0256_3,60857.28711,113.5826,3.663497,166.24051,99.477746,220.194175,22.829072,180.0
1302,225.5787616917536,6.174006774816351,49.554880198881975,2025W27_1A_0256_3,60857.28711,113.5826,3.663497,166.24051,99.477746,220.194175,22.829072,180.0
1303,77.61327613804741,-64.59558068,279.90764335,2025W27_1A_0312_3,60857.57986,113.5826,-70.25681,263.240976,22.145534,58.227636,-84.107282,46.450602
1304,274.81101883079043,5.789172439802428,38.63945346019899,2025W36_1A_0009_4,60919.0353,113.5826,-3.31794,255.568981,14.142752,276.363636,28.461607,180.0
1305,349.6047427668948,-54.77519941,121.55061660999999,2025W18_1B_0403_4,60796.17237,113.5826,-44.587417,35.277415,17.364829,316.626506,-44.509611,0.0
1306,341.99538197091607,-58.44995802,4.613200699999993,2025W18_1B_0403_4,60796.17237,113.5826,-44.587417,35.277415,17.364829,316.626506,-44.509611,0.0
1307,266.5296426635335,70.67511037600067,-171.5318238,2025W38_1A_0006_4,60933.01611,113.5826,56.576676,275.106197,63.139673,121.110496,85.695385,305.529375
1308,261.69696378169124,71.60053002778498,158.82704882523268,2025W38_1A_0006_4,60933.01611,113.5826,56.576676,275.106197,63.139673,121.110496,85.695385,305.529375
1309,86.14369491954065,-56.85650463,131.06052017,2025W31_2A_0113_4,60888.08422,113.5826,-50.916313,68.456636,42.918176,51.428571,-80.601886,0.0
1310,82.13643663,-58.68747826,-131.6496972,2025W31_2A_0113_4,60888.08422,113.5826,-50.916313,68.456636,42.918176,51.428571,-80.601886,0.0
1311,72.54380444435898,-58.70059179,-75.80500977,2025W31_2A_0113_4,60888.08422,113.5826,-50.916313,68.456636,42.918176,51.428571,-80.601886,0.0
1312,70.95751125829223,-59.6168314,-38.57177377,2025W31_2A_0113_4,60888.08422,113.5826,-50.916313,68.456636,42.918176,51.428571,-80.601886,0.0
1313,189.6555683008896,-40.6938102,-160.5682834,2025W27_1A_0298_1,60857.49912,113.5826,-39.569882,82.758297,53.614965,210.0,-32.261208,180.0
1314,193.97404044851103,-42.29871704,193.57153415202686,2025W27_1A_0298_1,60857.49912,113.5826,-39.569882,82.758297,53.614965,210.0,-32.261208,180.0
1315,276.52368319433424,-53.46091978,326.8152344424174,2025W36_1A_0028_2,60919.11315,113.5826,-55.801345,216.071432,42.551824,277.5,-30.884541,180.0
1316,282.30942050924534,-55.0226644,3.9619988050502135,2025W36_1A_0028_2,60919.11315,113.5826,-55.801345,216.071432,42.551824,277.5,-30.884541,180.0
1317,282.5241416015569,-54.99269054,174.3952381058094,2025W36_1A_0028_2,60919.11315,113.5826,-55.801345,216.071432,42.551824,277.5,-30.884541,180.0
1318,289.5009517654745,-53.28156913,34.920221193714134,2025W36_1A_0028_2,60919.11315,113.5826,-55.801345,216.071432,42.551824,277.5,-30.884541,180.0
1319,290.2373299136542,-53.96589475,239.00316678855125,2025W36_1A_0028_2,60919.11315,113.5826,-55.801345,216.071432,42.551824,277.5,-30.884541,180.0
1320,278.9774218817524,59.76364055394621,-115.9833791,2025W31_2A_0153_2,60888.31909,113.5826,66.280471,172.6077,107.529711,317.702927,85.912041,58.928762
1321,279.1631591,58.18545014779124,58.01098782647908,2025W31_2A_0153_2,60888.31909,113.5826,66.280471,172.6077,107.529711,317.702927,85.912041,58.928762
1322,8.482282036536144,57.45279015934058,-44.58998152,2025W31_2A_0130_1,60888.17574,113.5826,71.175708,1.398733,75.970267,45.56962,48.899212,0.0
1323,7.303049285970838,58.28038873516873,-45.02730194,2025W31_2A_0130_1,60888.17574,113.5826,71.175708,1.398733,75.970267,45.56962,48.899212,0.0
1324,11.690723569980356,58.727713459584045,143.6376532978906,2025W31_2A_0130_1,60888.17574,113.5826,71.175708,1.398733,75.970267,45.56962,48.899212,0.0
1325,211.7501744526692,-10.64877297,-152.3674982,2025W27_1A_0216_2,60857.08497,113.5826,-5.316162,237.732716,28.752389,216.666667,2.981467,180.0
1326,215.2851993,-9.575932357,34.94285669999999,2025W27_1A_0216_2,60857.08497,113.5826,-5.316162,237.732716,28.752389,216.666667,2.981467,180.0
1327,216.6505912156248,-11.96838431,-168.7086159,2025W27_1A_0216_2,60857.08497,113.5826,-5.316162,237.732716,28.752389,216.666667,2.981467,180.0
1328,218.11122116348184,-11.80176626,26.98225260000001,2025W27_1A_0216_2,60857.08497,113.5826,-5.316162,237.732716,28.752389,216.666667,2.981467,180.0
1329,218.7107239840689,-12.6718906,-147.9455047,2025W27_1A_0216_2,60857.08497,113.5826,-5.316162,237.732716,28.752389,216.666667,2.981467,180.0
1330,219.8194578,-13.54377292,30.1984602,2025W27_1A_0216_2,60857.08497,113.5826,-5.316162,237.732716,28.752389,216.666667,2.981467,180.0
1331,91.83813578,-58.69419679,153.46890446999998,2025W38_1A_0080_4,60933.25642,113.5826,-42.528726,3.662454,1.397743,73.259052,-81.953596,345.157928
1332,77.08282800750641,-59.15788016,136.79727378,2025W38_1A_0080_4,60933.25642,113.5826,-42.528726,3.662454,1.397743,73.259052,-81.953596,345.157928
1333,75.60228503091878,-59.5283824,125.0354964,2025W38_1A_0080_4,60933.25642,113.5826,-42.528726,3.662454,1.397743,73.259052,-81.953596,345.157928
1334,79.14433852979612,-59.07397793,77.9420719,2025W38_1A_0080_4,60933.25642,113.5826,-42.528726,3.662454,1.397743,73.259052,-81.953596,345.157928
1335,123.63951654401514,-28.8496914,66.49067506098535,2025W18_1B_0391_3,60796.08907,113.5826,-52.878285,226.707478,35.664939,141.265823,-48.702545,180.0
1336,126.35739992826622,-30.209117,66.90095473804507,2025W18_1B_0391_3,60796.08907,113.5826,-52.878285,226.707478,35.664939,141.265823,-48.702545,180.0
1337,126.52130755893052,-30.36782101,6.686733699999991,2025W18_1B_0391_3,60796.08907,113.5826,-52.878285,226.707478,35.664939,141.265823,-48.702545,180.0
1338,276.02087390240814,66.92822003633894,-53.09381888,2025W27_1A_0318_4,60857.6141,113.5826,68.918767,69.246482,99.291359,286.618646,86.008607,61.350316
1339,271.2488144996933,62.41968006499993,90.26222492,2025W27_1A_0318_4,60857.6141,113.5826,68.918767,69.246482,99.291359,286.618646,86.008607,61.350316
1340,272.88760119559385,59.00079464721052,-60.52007078,2025W27_1A_0318_4,60857.6141,113.5826,68.918767,69.246482,99.291359,286.618646,86.008607,61.350316
1341,265.01447499747053,65.91841909613501,88.96330562882007,2025W36_1A_0022_2,60919.09544,113.5826,37.237132,240.468706,56.554265,272.917534,85.518474,128.63854
1342,268.5906768806623,62.99976012,166.27169890642708,2025W36_1A_0022_2,60919.09544,113.5826,37.237132,240.468706,56.554265,272.917534,85.518474,128.63854
1343,271.82337652736044,61.49128363737686,37.91029119999999,2025W36_1A_0022_2,60919.09544,113.5826,37.237132,240.468706,56.554265,272.917534,85.518474,128.63854
1344,272.0511802408057,61.522535087660486,29.897378599999996,2025W36_1A_0022_2,60919.09544,113.5826,37.237132,240.468706,56.554265,272.917534,85.518474,128.63854
1345,274.1828875585448,61.76599603354471,33.766570099999996,2025W36_1A_0022_2,60919.09544,113.5826,37.237132,240.468706,56.554265,272.917534,85.518474,128.63854
1346,126.2969276682886,-30.50654212,2.4916543999999874,2025W18_1B_0391_4,60796.09056,113.5826,-59.971784,222.853823,37.685135,141.265823,-48.899212,180.0
1347,129.75965023038012,-32.81911402,-167.4830231,2025W18_1B_0391_4,60796.09056,113.5826,-59.971784,222.853823,37.685135,141.265823,-48.899212,180.0
1348,132.9676965812165,-32.89226878,345.9091163888892,2025W18_1B_0391_4,60796.09056,113.5826,-59.971784,222.853823,37.685135,141.265823,-48.899212,180.0
1349,132.4831063346076,-33.56485299,-162.4320529,2025W18_1B_0391_4,60796.09056,113.5826,-59.971784,222.853823,37.685135,141.265823,-48.899212,180.0
1350,259.9178460397022,73.2565091,57.69852469999999,2025W31_2A_0119_4,60888.11991,113.5826,42.025602,232.95066,65.256959,125.982687,86.290496,250.62211
1351,261.5082655448462,72.47945687302537,49.18695099999999,2025W31_2A_0119_4,60888.11991,113.5826,42.025602,232.95066,65.256959,125.982687,86.290496,250.62211
1352,263.16016456127727,65.92035944741939,-130.0167368,2025W31_2A_0119_4,60888.11991,113.5826,42.025602,232.95066,65.256959,125.982687,86.290496,250.62211
1353,248.2561298077876,-8.023924673,18.739571908083192,2025W31_2A_0195_3,60888.53724,113.5826,-9.417705,74.129526,54.687218,251.320755,14.836537,180.0
1354,248.1715919444352,-7.18876798,203.06282831192033,2025W31_2A_0195_3,60888.53724,113.5826,-9.417705,74.129526,54.687218,251.320755,14.836537,180.0
1355,249.5501875214148,-6.271043132,198.66682134069146,2025W31_2A_0195_3,60888.53724,113.5826,-9.417705,74.129526,54.687218,251.320755,14.836537,180.0
1356,250.8263260766648,-6.035187351,14.740110476439927,2025W31_2A_0195_3,60888.53724,113.5826,-9.417705,74.129526,54.687218,251.320755,14.836537,180.0
1357,251.1317887729592,-5.977953676,23.65925856332453,2025W31_2A_0195_3,60888.53724,113.5826,-9.417705,74.129526,54.687218,251.320755,14.836537,180.0
1358,251.3792114797085,-8.736620092,24.28873305483956,2025W31_2A_0195_3,60888.53724,113.5826,-9.417705,74.129526,54.687218,251.320755,14.836537,180.0
1359,254.3411490532697,-8.132176748,-158.4763555,2025W31_2A_0195_3,60888.53724,113.5826,-9.417705,74.129526,54.687218,251.320755,14.836537,180.0
1360,254.1001479116043,-9.065713181,21.51878118486656,2025W31_2A_0195_3,60888.53724,113.5826,-9.417705,74.129526,54.687218,251.320755,14.836537,180.0
1361,93.20500618369168,-58.08901824,105.47854707,2025W38_1A_0080_3,60933.25491,113.5826,-50.936279,6.798966,3.528413,72.871512,-82.144743,344.811846
1362,275.8547011202677,59.326239812339786,68.5169153,2025W31_2A_0193_1,60888.52342,113.5826,63.193746,96.526122,112.126306,285.773848,86.498975,90.791738
1363,30.194159340027603,50.80772751359161,-50.49421709,2025W38_1A_0086_1,60933.27644,113.5826,61.651792,334.092405,57.55177,52.0,36.910409,0.0
1364,162.43880558479594,46.451516715508205,44.739612300000005,2025W18_1B_0378_2,60796.00247,113.5826,44.509415,276.421214,52.691503,147.096774,35.077475,180.0
1365,171.25393458170234,43.18898015598613,18.580213299999997,2025W18_1B_0378_2,60796.00247,113.5826,44.509415,276.421214,52.691503,147.096774,35.077475,180.0
1366,237.4353587502133,58.62395750251595,-122.8681546,2025W27_1A_0294_3,60857.48292,113.5826,45.374406,103.371656,109.761681,203.076923,73.199351,180.0
1367,169.3206640491827,-57.55467491,-160.5204138,2025W27_1A_0231_1,60857.16619,113.5826,-73.919249,180.201969,44.217193,205.714286,-55.51508,180.0
1368,6.234712126938639,24.16954395,-13.52051557,2025W27_1A_0316_2,60857.602,113.5826,45.217192,224.211216,69.094314,13.980583,21.059072,0.0
1369,358.10147231159544,23.52387971292795,166.11310320904246,2025W27_1A_0316_2,60857.602,113.5826,45.217192,224.211216,69.094314,13.980583,21.059072,0.0
1370,3.592715665,28.970970348411807,161.91150973287964,2025W27_1A_0252_2,60857.2642,113.5826,53.980378,342.884529,53.245861,14.257426,25.645339,0.0
1371,1.761404982856039,28.371736185632976,42.99769499999999,2025W27_1A_0252_2,60857.2642,113.5826,53.980378,342.884529,53.245861,14.257426,25.645339,0.0
1372,271.53079775760585,62.87519223005466,161.88962729,2025W18_1B_0407_2,60796.19335,113.5826,64.211538,3.024647,71.08568,333.722004,85.458428,309.622261
1373,93.90306524636478,-59.25146526,126.52910133,2025W36_1A_0047_4,60919.19753,113.5826,-36.658731,23.592164,5.795392,68.311062,-84.639623,352.968871
1374,86.74524387301373,-60.48577645,132.7695249,2025W36_1A_0047_4,60919.19753,113.5826,-36.658731,23.592164,5.795392,68.311062,-84.639623,352.968871
1375,81.83484866221069,-60.22162114,358.12741283151183,2025W36_1A_0047_4,60919.19753,113.5826,-36.658731,23.592164,5.795392,68.311062,-84.639623,352.968871
1376,29.11384363022652,28.003852611796194,167.56962885000002,2025W31_2A_0117_2,60888.10326,113.5826,48.220793,42.70283,78.238926,40.754717,15.426537,0.0
1377,273.4664414796925,68.37557479492757,209.42585386289878,2025W38_1A_0029_4,60933.08554,113.5826,48.727794,247.042122,65.773344,151.586966,85.693568,305.500667
1378,270.2971985555312,66.53114378932372,30.868199599999997,2025W36_1A_0007_2,60919.02308,113.5826,59.51354,274.108051,66.894572,45.388024,89.264644,359.835857
1379,78.24968957007235,1.1142672421334152,-60.07253677,2025W36_1A_0064_1,60919.27468,113.5826,12.619136,347.987433,21.013135,73.398058,-22.829072,0.0
1380,77.90413905704997,1.1025319422179196,4.031347207097921,2025W36_1A_0064_1,60919.27468,113.5826,12.619136,347.987433,21.013135,73.398058,-22.829072,0.0
1381,78.4537696,1.0191167215935613,182.04476838716283,2025W36_1A_0064_1,60919.27468,113.5826,12.619136,347.987433,21.013135,73.398058,-22.829072,0.0
1382,78.47563814807798,1.6313096979762842,180.0,2025W36_1A_0064_1,60919.27468,113.5826,12.619136,347.987433,21.013135,73.398058,-22.829072,0.0
1383,73.71581754829995,-2.032482248,-25.68564348,2025W36_1A_0064_1,60919.27468,113.5826,12.619136,347.987433,21.013135,73.398058,-22.829072,0.0
1384,73.49033955422954,-1.365593841,150.1162682,2025W36_1A_0064_1,60919.27468,113.5826,12.619136,347.987433,21.013135,73.398058,-22.829072,0.0
1385,73.20041584,-2.005044831,-27.59916298,2025W36_1A_0064_1,60919.27468,113.5826,12.619136,347.987433,21.013135,73.398058,-22.829072,0.0
1386,75.47455546,-1.817956151,152.66340376,2025W36_1A_0064_1,60919.27468,113.5826,12.619136,347.987433,21.013135,73.398058,-22.829072,0.0
1387,75.42723223224884,-1.726447475,0.0,2025W36_1A_0064_1,60919.27468,113.5826,12.619136,347.987433,21.013135,73.398058,-22.829072,0.0
1388,71.96901076153662,-1.979127479,-28.2131523,2025W36_1A_0064_1,60919.27468,113.5826,12.619136,347.987433,21.013135,73.398058,-22.829072,0.0
1389,71.07944814525055,-2.146624542,-31.18947569,2025W36_1A_0064_1,60919.27468,113.5826,12.619136,347.987433,21.013135,73.398058,-22.829072,0.0
1390,69.90664381,-0.600681351,330.13323081530064,2025W36_1A_0064_1,60919.27468,113.5826,12.619136,347.987433,21.013135,73.398058,-22.829072,0.0
1391,74.4649995,-52.01832642,-18.21576528,2025W31_2A_0199_1,60888.56113,113.5826,-43.925477,254.616989,17.269603,46.153846,-73.002684,0.0
1392,71.01611883,-51.68330053,-36.16504843,2025W31_2A_0199_1,60888.56113,113.5826,-43.925477,254.616989,17.269603,46.153846,-73.002684,0.0
1393,71.13199775219147,-54.12855466,-35.86817454,2025W31_2A_0199_1,60888.56113,113.5826,-43.925477,254.616989,17.269603,46.153846,-73.002684,0.0
1394,315.7807400928865,-5.695386018,155.34416062,2025W18_1B_0395_2,60796.11456,113.5826,8.092557,47.046784,44.395845,313.333333,9.794002,0.0
1395,315.74983605368925,-6.74321613,150.64106047,2025W18_1B_0395_2,60796.11456,113.5826,8.092557,47.046784,44.395845,313.333333,9.794002,0.0
1396,315.1428538,-6.953802607,157.21673526,2025W18_1B_0395_2,60796.11456,113.5826,8.092557,47.046784,44.395845,313.333333,9.794002,0.0
1397,317.12487445807795,-4.490092009,144.93775825,2025W18_1B_0395_2,60796.11456,113.5826,8.092557,47.046784,44.395845,313.333333,9.794002,0.0
1398,314.1415602482796,-7.209744545,149.94970333999999,2025W18_1B_0395_2,60796.11456,113.5826,8.092557,47.046784,44.395845,313.333333,9.794002,0.0
1399,312.3983809883053,-7.786218945,-29.62349985,2025W18_1B_0395_2,60796.11456,113.5826,8.092557,47.046784,44.395845,313.333333,9.794002,0.0
1400,311.6708466585409,-9.21496078,-30.46794457,2025W18_1B_0395_2,60796.11456,113.5826,8.092557,47.046784,44.395845,313.333333,9.794002,0.0
1401,307.4072993985416,-7.530432851,148.73848004,2025W18_1B_0395_2,60796.11456,113.5826,8.092557,47.046784,44.395845,313.333333,9.794002,0.0
1402,307.95627135124505,-9.919756296,137.66988082,2025W18_1B_0395_2,60796.11456,113.5826,8.092557,47.046784,44.395845,313.333333,9.794002,0.0
1403,27.56377760524839,-38.13925474,344.070040651776,2025W27_1A_0314_1,60857.58706,113.5826,-33.521333,243.042379,22.744941,13.012048,-45.099611,0.0
1404,0.8433637517145989,8.221912200004567,343.9714410696138,2025W27_1A_0250_1,60857.2572,113.5826,17.791614,353.904856,28.553559,0.0,8.024002,0.0
1405,354.3834814547991,4.722510169,144.6451693223771,2025W27_1A_0250_1,60857.2572,113.5826,17.791614,353.904856,28.553559,0.0,8.024002,0.0
1406,90.59808411059024,-45.88619157,-104.8660325,2025W35_2A_0693_2,60918.99908,113.5826,-8.388443,90.214585,70.986837,79.2,-68.156816,0.0
1407,48.83627277656462,-46.28384004,148.82992352,2025W27_1A_0233_2,60857.17821,113.5826,-39.823117,31.591835,13.149262,16.615385,-59.314681,0.0
1408,48.06100509166855,-46.85510065,116.59507560074616,2025W27_1A_0233_2,60857.17821,113.5826,-39.823117,31.591835,13.149262,16.615385,-59.314681,0.0
1409,205.3614560006891,-28.24342362,8.194308463339102,2025W27_1A_0258_2,60857.29278,113.5826,-26.724631,159.604895,88.128902,210.566038,-15.623204,180.0
1410,205.2861004,-26.82705876,193.90163904055134,2025W27_1A_0258_2,60857.29278,113.5826,-26.724631,159.604895,88.128902,210.566038,-15.623204,180.0
1411,91.89909655345237,-6.713766938,-11.48865184,2025W38_1A_0063_2,60933.19952,113.5826,15.081776,14.627882,35.830182,87.272727,-30.034941,0.0
1412,6.347817407241174,28.21149147154912,336.05113610156866,2025W27_1A_0279_3,60857.40003,113.5826,54.0725,293.930163,51.859961,14.257426,24.465339,0.0
1413,44.41383200753754,2.3776467,143.87969369,2025W31_2A_0115_1,60888.0932,113.5826,-3.86808,55.83383,43.582136,40.373832,-12.216936,0.0
1414,44.00121013677257,3.284775581241738,-23.26925078,2025W31_2A_0115_1,60888.0932,113.5826,-3.86808,55.83383,43.582136,40.373832,-12.216936,0.0
1415,45.94275917755464,4.595810361952944,-28.90325471,2025W31_2A_0115_1,60888.0932,113.5826,-3.86808,55.83383,43.582136,40.373832,-12.216936,0.0
1416,42.83775500191933,4.886487964158953,-37.27103144,2025W31_2A_0115_1,60888.0932,113.5826,-3.86808,55.83383,43.582136,40.373832,-12.216936,0.0
1417,39.78459879652157,1.195452245953469,-29.31621829,2025W31_2A_0115_1,60888.0932,113.5826,-3.86808,55.83383,43.582136,40.373832,-12.216936,0.0
1418,39.25977763533376,1.0706626039484697,150.72732188999998,2025W31_2A_0115_1,60888.0932,113.5826,-3.86808,55.83383,43.582136,40.373832,-12.216936,0.0
1419,38.22006900464381,0.7969050942122166,150.8282536,2025W31_2A_0115_1,60888.0932,113.5826,-3.86808,55.83383,43.582136,40.373832,-12.216936,0.0
1420,38.17008681143463,0.8045908876419762,151.40882166,2025W31_2A_0115_1,60888.0932,113.5826,-3.86808,55.83383,43.582136,40.373832,-12.216936,0.0
1421,37.862618164764726,0.6899113354267655,150.63870692,2025W31_2A_0115_1,60888.0932,113.5826,-3.86808,55.83383,43.582136,40.373832,-12.216936,0.0
1422,36.773037106273634,2.072342550883816,-22.35175435,2025W31_2A_0115_1,60888.0932,113.5826,-3.86808,55.83383,43.582136,40.373832,-12.216936,0.0
1423,316.5798424779684,-15.0752846,146.27519174,2025W18_1B_0405_1,60796.17953,113.5826,-8.309813,26.023386,19.310975,313.333333,-0.228133,0.0
1424,310.0036940410175,-17.23614772,0.7139199000000076,2025W18_1B_0405_1,60796.17953,113.5826,-8.309813,26.023386,19.310975,313.333333,-0.228133,0.0
1425,247.73431702293428,-19.98207253,1.4240388999999993,2025W31_2A_0122_2,60888.13131,113.5826,-17.552755,219.090031,43.391878,246.666667,1.3452,180.0
1426,7.265387766743611,31.44181260663224,171.29230964916692,2025W27_1A_0267_2,60857.33119,113.5826,49.844765,320.267715,42.717125,14.257426,26.23534,0.0
1427,191.82773963085697,-33.42855203,-166.6142216,2025W27_1A_0204_1,60857.02087,113.5826,-25.327987,257.768321,5.532077,210.29703,-25.055339,180.0
1428,203.09632597905133,-37.73484877,30.493098900000007,2025W27_1A_0204_1,60857.02087,113.5826,-25.327987,257.768321,5.532077,210.29703,-25.055339,180.0
1429,85.47320159,-58.42041333,177.60781455549613,2025W36_1A_0030_1,60919.12514,113.5826,-60.054156,57.750526,35.915514,77.142857,-81.191886,0.0
1430,81.99333592067703,-58.20887065,80.03095461,2025W36_1A_0030_1,60919.12514,113.5826,-60.054156,57.750526,35.915514,77.142857,-81.191886,0.0
1431,274.9608744872067,62.52969043361774,-140.9214955,2025W36_1A_0053_2,60919.22739,113.5826,57.502869,199.553716,96.080565,225.155185,89.949684,180.068695
1432,274.65950264994774,63.24136107833505,5.372699299999994,2025W36_1A_0053_2,60919.22739,113.5826,57.502869,199.553716,96.080565,225.155185,89.949684,180.068695
1433,63.00239751574666,42.15337530355236,-143.1731174,2025W36_1A_0019_3,60919.07799,113.5826,49.389965,51.227374,83.370466,72.0,20.799472,0.0
1434,269.08757729336014,68.00616350329202,269.5090842180721,2025W36_1A_0038_2,60919.15726,113.5826,68.67966,233.119171,88.924999,24.299751,86.257453,69.322823
1435,277.6157248604374,69.27810885813717,-171.0797573,2025W36_1A_0038_2,60919.15726,113.5826,68.67966,233.119171,88.924999,24.299751,86.257453,69.322823
1436,351.5772570203147,-9.117881095,148.29330659,2025W22_2B_0450_1,60827.08948,113.5826,-12.582346,58.866932,42.428611,343.333333,-6.191068,0.0
1437,343.8980281342926,-13.12428125,-36.13053225,2025W22_2B_0450_1,60827.08948,113.5826,-12.582346,58.866932,42.428611,343.333333,-6.191068,0.0
1438,248.9114243246709,46.20306845,217.2310564173828,2025W31_2A_0143_2,60888.25607,113.5826,40.688594,183.61778,95.709407,244.8,66.583483,180.0
1439,249.2196603740892,45.083727796085554,57.31157900382737,2025W31_2A_0143_2,60888.25607,113.5826,40.688594,183.61778,95.709407,244.8,66.583483,180.0
1440,252.92095959604177,43.875429782049615,206.96325648312825,2025W31_2A_0143_2,60888.25607,113.5826,40.688594,183.61778,95.709407,244.8,66.583483,180.0
1441,255.0455195656736,44.35305700166362,57.093443571746704,2025W31_2A_0143_2,60888.25607,113.5826,40.688594,183.61778,95.709407,244.8,66.583483,180.0
1442,251.2237004884956,25.673215476605183,11.995621711862473,2025W31_2A_0120_1,60888.12259,113.5826,28.681923,229.181013,55.330447,250.632911,46.735878,180.0
1443,258.2629019390413,24.960324652719606,21.11424381623037,2025W31_2A_0120_1,60888.12259,113.5826,28.681923,229.181013,55.330447,250.632911,46.735878,180.0
1444,259.2079332,24.801377861075625,37.31254044,2025W31_2A_0120_1,60888.12259,113.5826,28.681923,229.181013,55.330447,250.632911,46.735878,180.0
1445,223.85269433147656,18.87406842275224,202.28342726188959,2025W27_1A_0308_3,60857.55595,113.5826,18.078219,71.50993,67.682308,217.5,33.047875,180.0
1446,225.0104257500319,19.14341845890796,30.96618302864398,2025W27_1A_0308_3,60857.55595,113.5826,18.078219,71.50993,67.682308,217.5,33.047875,180.0
1447,230.56489778455213,15.64046295808493,28.98920517364975,2025W27_1A_0308_3,60857.55595,113.5826,18.078219,71.50993,67.682308,217.5,33.047875,180.0
1448,272.7796563244784,63.76163038712153,34.8532175,2025W38_1A_0090_4,60933.29468,113.5826,20.06221,165.467191,104.763487,287.118274,85.389036,130.55119
1449,272.4040603249239,60.56903753,26.412327900000008,2025W38_1A_0090_4,60933.29468,113.5826,20.06221,165.467191,104.763487,287.118274,85.389036,130.55119
1450,85.80513748292522,-60.74282067,132.33014054,2025W27_1A_0206_2,60857.03585,113.5826,-72.782623,102.96334,46.081681,52.015315,-83.869713,31.871936
1451,79.49948551860598,-66.62480568,40.7245758,2025W27_1A_0206_2,60857.03585,113.5826,-72.782623,102.96334,46.081681,52.015315,-83.869713,31.871936
1452,222.3600321042367,19.94485961854837,-156.1838885,2025W27_1A_0227_3,60857.1472,113.5826,24.4291,219.703292,59.734391,216.774194,35.667475,180.0
1453,214.0349962884798,-3.107791077,-158.6626761,2025W27_1A_0321_1,60857.62683,113.5826,2.835018,43.790292,37.334381,216.666667,9.007335,180.0
1454,215.91889351210435,-4.89609113,201.4104927956553,2025W27_1A_0321_1,60857.62683,113.5826,2.835018,43.790292,37.334381,216.666667,9.007335,180.0
1455,218.7665117288658,-5.322820194,31.28713460652672,2025W27_1A_0321_1,60857.62683,113.5826,2.835018,43.790292,37.334381,216.666667,9.007335,180.0
1456,217.76319533612536,-3.650959063,-153.6584158,2025W27_1A_0321_1,60857.62683,113.5826,2.835018,43.790292,37.334381,216.666667,9.007335,180.0
1457,217.5991379959169,-3.593097513,31.529666600000013,2025W27_1A_0321_1,60857.62683,113.5826,2.835018,43.790292,37.334381,216.666667,9.007335,180.0
1458,220.7219898882009,-5.206491884,-150.3437343,2025W27_1A_0321_1,60857.62683,113.5826,2.835018,43.790292,37.334381,216.666667,9.007335,180.0
1459,221.78141870488983,-6.313634566,211.56508441469418,2025W27_1A_0321_1,60857.62683,113.5826,2.835018,43.790292,37.334381,216.666667,9.007335,180.0
1460,222.06722431262827,-8.677566267,211.16320318375233,2025W27_1A_0321_1,60857.62683,113.5826,2.835018,43.790292,37.334381,216.666667,9.007335,180.0
1461,222.43049674832105,18.42031544751721,210.19522259605645,2025W27_1A_0308_4,60857.55744,113.5826,10.783273,69.91989,61.915894,217.5,32.851208,180.0
1462,229.5971314436613,43.52391633,243.0943339852435,2025W27_1A_0282_1,60857.41619,113.5826,38.783625,125.678485,128.337957,216.0,57.348014,180.0
1463,229.9786419069316,43.07909442894878,35.40316280967069,2025W27_1A_0282_1,60857.41619,113.5826,38.783625,125.678485,128.337957,216.0,57.348014,180.0
1464,241.11407463746647,37.30230616019279,222.97981456446985,2025W27_1A_0282_1,60857.41619,113.5826,38.783625,125.678485,128.337957,216.0,57.348014,180.0
1465,241.6336812677592,38.740805047116325,38.22344452092537,2025W27_1A_0282_1,60857.41619,113.5826,38.783625,125.678485,128.337957,216.0,57.348014,180.0
1466,274.0061387556842,-61.25126444,5.207276032794195,2025W36_1A_0059_2,60919.24983,113.5826,-59.501276,165.040123,55.672713,276.0,-37.303742,180.0
1467,99.24228842,-55.3178736,-162.1358017,2025W18_1B_0381_4,60796.02588,113.5826,-76.171237,225.495553,30.496497,141.818182,-77.785619,180.0
1468,223.3195108420034,22.085856145068608,-157.5178583,2025W27_1A_0227_4,60857.14869,113.5826,17.139881,218.033002,56.328662,216.774194,35.470809,180.0
1469,226.5249455779132,19.47190095997422,28.98164420388469,2025W27_1A_0227_4,60857.14869,113.5826,17.139881,218.033002,56.328662,216.774194,35.470809,180.0
1470,271.40926990314455,62.77680862433874,-148.8206592,2025W38_1A_0090_3,60933.29319,113.5826,28.543482,167.48632,105.363049,288.995947,85.517555,128.679529
1471,355.85604102819235,-18.90207214,-45.3530827,2025W22_2B_0437_3,60827.02162,113.5826,-11.999564,83.198737,63.698368,343.018868,-16.213204,0.0
1472,354.0122612987538,-19.31883315,350.2592911562998,2025W22_2B_0437_3,60827.02162,113.5826,-11.999564,83.198737,63.698368,343.018868,-16.213204,0.0
1473,351.6812422057097,-19.82068753,157.54221190104363,2025W22_2B_0437_3,60827.02162,113.5826,-11.999564,83.198737,63.698368,343.018868,-16.213204,0.0
1474,351.79070517117304,-19.56287574,145.54848913,2025W22_2B_0437_3,60827.02162,113.5826,-11.999564,83.198737,63.698368,343.018868,-16.213204,0.0
1475,59.14492338574201,-34.72607536,-26.95311699,2025W31_2A_0126_4,60888.15966,113.5826,-11.691534,33.034125,20.950597,46.285714,-54.138413,0.0
1476,201.8310363529272,-18.71672899,207.27252175797406,2025W27_1A_0284_3,60857.42813,113.5826,-23.176284,111.543722,81.569388,210.0,-7.764402,180.0
1477,206.9951033515586,-18.21279826,179.952638491,2025W27_1A_0284_3,60857.42813,113.5826,-23.176284,111.543722,81.569388,210.0,-7.764402,180.0
1478,84.77278549380854,-62.96078477,144.94859373,2025W36_1A_0015_1,60919.05731,113.5826,-59.538861,81.870882,50.447267,29.793131,-83.468832,302.030481
1479,66.29821054434481,-63.02136835,115.86765748,2025W36_1A_0015_1,60919.05731,113.5826,-59.538861,81.870882,50.447267,29.793131,-83.468832,302.030481
1480,66.91535134,-62.89625903,-39.71688478,2025W36_1A_0015_1,60919.05731,113.5826,-59.538861,81.870882,50.447267,29.793131,-83.468832,302.030481
1481,71.12263900656032,-60.59376282,145.018577,2025W36_1A_0015_1,60919.05731,113.5826,-59.538861,81.870882,50.447267,29.793131,-83.468832,302.030481
1482,264.9177645846714,66.10818060618942,116.60306422,2025W18_1B_0387_1,60796.05877,113.5826,71.06588,44.214413,88.833818,195.800786,86.498469,87.63648
1483,255.16564383779067,64.78735116233933,131.77851144,2025W18_1B_0387_1,60796.05877,113.5826,71.06588,44.214413,88.833818,195.800786,86.498469,87.63648
1484,278.0534168,73.18336785258164,-97.99208551,2025W27_1A_0306_2,60857.54378,113.5826,79.640401,123.203918,101.381663,78.354164,86.490253,265.981781
1485,276.53218568223514,72.10011738850984,140.3418746439379,2025W27_1A_0306_2,60857.54378,113.5826,79.640401,123.203918,101.381663,78.354164,86.490253,265.981781
1486,277.63809260204704,72.70476022974492,100.26706602,2025W27_1A_0306_2,60857.54378,113.5826,79.640401,123.203918,101.381663,78.354164,86.490253,265.981781
1487,39.98143189969625,9.016445315584926,-45.36414079,2025W31_2A_0164_1,60888.3689,113.5826,17.008084,313.589207,10.848335,40.0,-6.584402,0.0
1488,38.2315938,9.002958198520155,-30.67643139,2025W31_2A_0164_1,60888.3689,113.5826,17.008084,313.589207,10.848335,40.0,-6.584402,0.0
1489,38.42186384852951,6.925431776876748,151.38023771,2025W31_2A_0164_1,60888.3689,113.5826,17.008084,313.589207,10.848335,40.0,-6.584402,0.0
1490,36.063344130608975,6.952095141559824,-30.68793733,2025W31_2A_0164_1,60888.3689,113.5826,17.008084,313.589207,10.848335,40.0,-6.584402,0.0
1491,35.41950419276521,6.008993932227193,-28.73418628,2025W31_2A_0164_1,60888.3689,113.5826,17.008084,313.589207,10.848335,40.0,-6.584402,0.0
1492,202.5735148794488,-17.29690341,205.06580321486473,2025W27_1A_0284_4,60857.42962,113.5826,-31.665468,109.444636,76.24301,210.0,-7.961069,180.0
1493,254.52894948004788,15.74304090380253,220.6811589304411,2025W31_2A_0107_2,60888.05487,113.5826,26.917312,253.19799,43.346142,252.0,39.467076,180.0
1494,255.69359997275853,18.554871707312312,94.33002976705802,2025W31_2A_0107_2,60888.05487,113.5826,26.917312,253.19799,43.346142,252.0,39.467076,180.0
1495,255.58763922673413,22.432575573956463,-142.4593033,2025W31_2A_0181_2,60888.46284,113.5826,25.327366,106.08653,98.401285,251.566265,43.919611,180.0
1496,62.42843563115286,42.64637689742524,149.52845514,2025W36_1A_0036_3,60919.14971,113.5826,68.945306,13.474179,79.074505,73.398058,21.845739,0.0
1497,60.49192707571412,44.39186717908387,154.52626247293244,2025W36_1A_0036_3,60919.14971,113.5826,68.945306,13.474179,79.074505,73.398058,21.845739,0.0
1498,241.1398713676232,63.49747453732963,49.57383535770898,2025W27_1A_0269_4,60857.34799,113.5826,40.63837,150.704794,127.657821,196.363636,76.605618,180.0
1499,257.42587004171145,67.17663045077909,-158.7765518,2025W38_1A_0052_4,60933.15701,113.5826,29.941556,216.743419,64.838556,181.991091,86.458674,278.73873
1500,273.6297343420072,67.10230884471001,-164.1246227,2025W38_1A_0052_4,60933.15701,113.5826,29.941556,216.743419,64.838556,181.991091,86.458674,278.73873
1501,275.35473823590934,65.87535298213245,4.153677200000004,2025W38_1A_0052_4,60933.15701,113.5826,29.941556,216.743419,64.838556,181.991091,86.458674,278.73873
1502,49.96363782502082,-10.92854021,-32.78770598,2025W31_2A_0189_1,60888.50103,113.5826,-3.502074,269.032365,8.879434,43.636364,-29.248274,0.0
1503,46.33097304956151,-11.45698785,317.70247332572774,2025W31_2A_0189_1,60888.50103,113.5826,-3.502074,269.032365,8.879434,43.636364,-29.248274,0.0
1504,310.0515856783189,5.823797002,-19.60832052,2025W18_1B_0385_2,60796.04667,113.5826,7.479592,71.634601,63.399902,314.563107,23.419072,0.0
1505,233.14605534122515,23.63097623577065,204.00181600539747,2025W27_1A_0240_1,60857.21039,113.5826,49.165896,202.625674,87.577202,219.310345,42.48001,180.0
1506,8.119094440273823,5.090444348774067,-30.90438552,2025W27_1A_0223_2,60857.12268,113.5826,24.97403,41.159525,55.296041,10.0,1.801467,0.0
1507,7.875849485342081,4.305881660355754,-29.03398608,2025W27_1A_0223_2,60857.12268,113.5826,24.97403,41.159525,55.296041,10.0,1.801467,0.0
1508,6.919761968,5.216275858818719,-31.40311749,2025W27_1A_0223_2,60857.12268,113.5826,24.97403,41.159525,55.296041,10.0,1.801467,0.0
1509,4.0734972618602345,3.3210294597998096,148.06271663,2025W27_1A_0223_2,60857.12268,113.5826,24.97403,41.159525,55.296041,10.0,1.801467,0.0
1510,3.8620557588025326,2.0826710184272232,147.5916581,2025W27_1A_0223_2,60857.12268,113.5826,24.97403,41.159525,55.296041,10.0,1.801467,0.0
1511,38.79602092360862,-34.45798935,316.66064475920007,2025W27_1A_0248_2,60857.24533,113.5826,-43.98786,8.488558,1.429422,13.670886,-47.522545,0.0
1512,33.63711985983655,-38.54610642,150.04348812869333,2025W27_1A_0248_2,60857.24533,113.5826,-43.98786,8.488558,1.429422,13.670886,-47.522545,0.0
1513,32.10908969613094,-40.01058334,338.0737490887481,2025W27_1A_0248_2,60857.24533,113.5826,-43.98786,8.488558,1.429422,13.670886,-47.522545,0.0
1514,250.484600020396,65.74524002673397,10.118113499999993,2025W38_1A_0052_3,60933.15551,113.5826,37.196982,218.716352,68.791687,178.913167,86.419693,281.810645
1515,253.48252989133,66.93852521685392,12.990623900000003,2025W38_1A_0052_3,60933.15551,113.5826,37.196982,218.716352,68.791687,178.913167,86.419693,281.810645
1516,263.72542189293705,67.78073105212985,26.73060588531363,2025W38_1A_0052_3,60933.15551,113.5826,37.196982,218.716352,68.791687,178.913167,86.419693,281.810645
1517,273.4837660068188,67.46138922279479,39.7028516,2025W38_1A_0052_3,60933.15551,113.5826,37.196982,218.716352,68.791687,178.913167,86.419693,281.810645
1518,238.7156046955252,62.562818072191895,228.46012946596602,2025W27_1A_0269_3,60857.3465,113.5826,47.868316,153.205211,123.770367,196.363636,76.802285,180.0
1519,264.3794657625346,69.82410056886874,-135.7030955,2025W31_2A_0105_1,60888.04424,113.5826,79.949178,305.052594,80.387926,107.35892,86.499536,269.209822
1520,265.6924706463564,68.70546075125196,102.43645719291108,2025W31_2A_0105_1,60888.04424,113.5826,79.949178,305.052594,80.387926,107.35892,86.499536,269.209822
1521,133.9187341011298,-85.16443282,323.1041093,2025W38_1A_0098_1,60933.31518,113.5826,-81.633717,83.141417,33.404485,256.0,-69.596417,180.0
1522,103.3477218101042,-86.96147539,14.737560599999995,2025W38_1A_0098_1,60933.31518,113.5826,-81.633717,83.141417,33.404485,256.0,-69.596417,180.0
1523,78.53284273182642,-86.12334797,-158.2916914,2025W38_1A_0098_1,60933.31518,113.5826,-81.633717,83.141417,33.404485,256.0,-69.596417,180.0
1524,270.1053676216625,-58.7139779,329.534260349248,2025W36_1A_0013_2,60919.04548,113.5826,-56.320484,240.253484,27.226289,270.967742,-36.454142,180.0
1525,265.74955788774787,-58.25160216,-174.487742,2025W36_1A_0013_2,60919.04548,113.5826,-56.320484,240.253484,27.226289,270.967742,-36.454142,180.0
1526,270.2430098706094,61.8017758,-151.5168258,2025W38_1A_0090_2,60933.2917,113.5826,35.801983,169.413565,105.7888,291.055536,85.633261,126.625953
1527,80.13266560925831,-64.10537372,129.06012608999998,2025W27_1A_0206_4,60857.03883,113.5826,-57.854917,87.916608,53.034195,50.195877,-83.534218,30.015165
1528,269.89739310460163,-61.47910794,164.0294733739066,2025W36_1A_0059_3,60919.25134,113.5826,-67.61758,158.335955,50.9558,276.0,-37.500409,180.0
1529,168.48218466877205,17.979569493916067,39.18102606133891,2025W18_1B_0389_1,60796.07266,113.5826,33.013242,248.48333,50.825643,160.0,11.170669,180.0
1530,165.1599649779328,17.89996685334142,77.49644088064197,2025W18_1B_0389_1,60796.07266,113.5826,33.013242,248.48333,50.825643,160.0,11.170669,180.0
1531,46.045132255758006,2.409229847619493,-30.49372314,2025W31_2A_0101_1,60888.02657,113.5826,2.749629,78.90778,66.516,40.373832,-13.79027,0.0
1532,45.051438683103264,2.5990843552952385,-35.78541013,2025W31_2A_0101_1,60888.02657,113.5826,2.749629,78.90778,66.516,40.373832,-13.79027,0.0
1533,44.94114625,2.102529473521003,149.87620764,2025W31_2A_0101_1,60888.02657,113.5826,2.749629,78.90778,66.516,40.373832,-13.79027,0.0
1534,47.05943213370951,4.986907140307136,149.91368073,2025W31_2A_0101_1,60888.02657,113.5826,2.749629,78.90778,66.516,40.373832,-13.79027,0.0
1535,41.32780784346552,1.9218649280850173,-28.48820265,2025W31_2A_0101_1,60888.02657,113.5826,2.749629,78.90778,66.516,40.373832,-13.79027,0.0
1536,40.85589944964894,1.500299515404529,159.34158672,2025W31_2A_0101_1,60888.02657,113.5826,2.749629,78.90778,66.516,40.373832,-13.79027,0.0
1537,43.43185415336285,0.910787276,150.38147249,2025W31_2A_0101_1,60888.02657,113.5826,2.749629,78.90778,66.516,40.373832,-13.79027,0.0
1538,41.02626575869834,-0.164068466,151.76843027,2025W31_2A_0101_1,60888.02657,113.5826,2.749629,78.90778,66.516,40.373832,-13.79027,0.0
1539,39.96474342910778,-0.32989198,156.48089301,2025W31_2A_0101_1,60888.02657,113.5826,2.749629,78.90778,66.516,40.373832,-13.79027,0.0
1540,39.69947971,-0.413076134,-28.8499399,2025W31_2A_0101_1,60888.02657,113.5826,2.749629,78.90778,66.516,40.373832,-13.79027,0.0
1541,39.46026482158257,-0.421975506,150.84478296,2025W31_2A_0101_1,60888.02657,113.5826,2.749629,78.90778,66.516,40.373832,-13.79027,0.0
1542,39.40130049118315,-0.402515805,-29.49372324,2025W31_2A_0101_1,60888.02657,113.5826,2.749629,78.90778,66.516,40.373832,-13.79027,0.0
1543,37.66284090775212,-0.450767974,-28.8009506,2025W31_2A_0101_1,60888.02657,113.5826,2.749629,78.90778,66.516,40.373832,-13.79027,0.0
1544,37.64918851724025,-0.533202205,-28.97329313,2025W31_2A_0101_1,60888.02657,113.5826,2.749629,78.90778,66.516,40.373832,-13.79027,0.0
1545,222.3522193254888,19.79365283,25.04967658886322,2025W27_1A_0308_2,60857.55446,113.5826,26.580312,73.488807,73.586183,217.5,33.244541,180.0
1546,223.03885377772733,17.03398349,22.96482559647569,2025W27_1A_0308_2,60857.55446,113.5826,26.580312,73.488807,73.586183,217.5,33.244541,180.0
1547,225.7199304385024,18.36810284702132,28.06051159,2025W27_1A_0308_2,60857.55446,113.5826,26.580312,73.488807,73.586183,217.5,33.244541,180.0
1548,353.1351251449936,-86.98654468,175.012635721,2025W38_1A_0014_1,60933.04271,113.5826,-79.667571,203.206723,34.651279,288.0,-67.96015,180.0
1549,39.770417278535504,-85.40585417,73.14803255207582,2025W38_1A_0014_1,60933.04271,113.5826,-79.667571,203.206723,34.651279,288.0,-67.96015,180.0
1550,13.530361087646956,-81.64591716,282.9523878487142,2025W38_1A_0014_1,60933.04271,113.5826,-79.667571,203.206723,34.651279,288.0,-67.96015,180.0
1551,12.870631410653504,-81.63553069,237.8513096075311,2025W38_1A_0014_1,60933.04271,113.5826,-79.667571,203.206723,34.651279,288.0,-67.96015,180.0
1552,18.65697233073371,-79.9643062,71.20657204724696,2025W38_1A_0014_1,60933.04271,113.5826,-79.667571,203.206723,34.651279,288.0,-67.96015,180.0
1553,251.12005261173525,45.92036838048412,238.0812064523181,2025W31_2A_0143_3,60888.25757,113.5826,32.199089,181.179947,94.720389,244.8,66.386816,180.0
1554,249.8958254232632,43.76573582542439,319.19859513180705,2025W31_2A_0143_3,60888.25757,113.5826,32.199089,181.179947,94.720389,244.8,66.386816,180.0
1555,257.2173640840616,45.33741007673773,-122.0983439,2025W31_2A_0143_3,60888.25757,113.5826,32.199089,181.179947,94.720389,244.8,66.386816,180.0
1556,262.27333223543616,41.187972245072864,30.677015762600824,2025W31_2A_0143_3,60888.25757,113.5826,32.199089,181.179947,94.720389,244.8,66.386816,180.0
1557,178.70214687170915,-50.95980656,45.15030794474327,2025W27_1A_0244_1,60857.22783,113.5826,-41.798219,179.875964,66.25471,203.855422,-45.492944,180.0
1558,181.6035550489988,-51.73956574,19.187977346370023,2025W27_1A_0244_1,60857.22783,113.5826,-41.798219,179.875964,66.25471,203.855422,-45.492944,180.0
1559,81.14391349686662,-62.12094394,87.20758250388741,2025W27_1A_0300_1,60857.51102,113.5826,-75.153693,296.980279,15.131999,61.125254,-84.369825,49.351076
1560,79.89566868459667,-63.85224638,-87.45463802,2025W27_1A_0300_1,60857.51102,113.5826,-75.153693,296.980279,15.131999,61.125254,-84.369825,49.351076
1561,82.30216393627374,-66.36246553,141.16571500999999,2025W27_1A_0300_1,60857.51102,113.5826,-75.153693,296.980279,15.131999,61.125254,-84.369825,49.351076
1562,103.09711572987864,-54.56595654,33.12466230000001,2025W18_1B_0381_2,60796.0229,113.5826,-61.7262,246.121368,23.724947,141.818182,-77.392285,180.0
1563,114.59644887600254,-59.00372313,8.924659100000014,2025W18_1B_0381_2,60796.0229,113.5826,-61.7262,246.121368,23.724947,141.818182,-77.392285,180.0
1564,225.7919408898476,21.33227940365908,26.64170530474231,2025W27_1A_0227_2,60857.14571,113.5826,32.919702,221.839345,63.19595,216.774194,35.864142,180.0
1565,227.5301240585869,20.529274652987787,205.78883285394835,2025W27_1A_0227_2,60857.14571,113.5826,32.919702,221.839345,63.19595,216.774194,35.864142,180.0
1566,245.64952642460057,-21.67762056,-172.9877763,2025W31_2A_0122_4,60888.13431,113.5826,-33.309815,215.26873,44.473376,246.666667,0.951867,180.0
1567,275.3081002152029,64.66652791,-168.5142101,2025W36_1A_0053_3,60919.22889,113.5826,49.134808,195.588896,92.191656,225.434981,89.753288,179.7889
1568,276.33889306045705,64.28301026270422,243.0565143,2025W36_1A_0053_3,60919.22889,113.5826,49.134808,195.588896,92.191656,225.434981,89.753288,179.7889
1569,276.9124125593624,63.615250118120834,-139.9464337,2025W36_1A_0053_3,60919.22889,113.5826,49.134808,195.588896,92.191656,225.434981,89.753288,179.7889
1570,339.95541441888207,58.24447271696943,309.6290703369941,2025W27_1A_0280_3,60857.40676,113.5826,82.026731,209.568149,88.866129,16.615385,59.118014,0.0
1571,333.2972752173434,56.08763682463656,347.2246220693448,2025W27_1A_0280_3,60857.40676,113.5826,82.026731,209.568149,88.866129,16.615385,59.118014,0.0
1572,242.74684554600523,8.362211326822083,215.84274056895225,2025W36_1A_0011_1,60919.03944,113.5826,-25.121452,250.773862,12.115593,243.636364,30.231607,180.0
1573,248.34858576149307,9.793957779785922,22.793040888599265,2025W36_1A_0011_1,60919.03944,113.5826,-25.121452,250.773862,12.115593,243.636364,30.231607,180.0
1574,265.6586160015237,66.10884949246123,90.67707933203394,2025W36_1A_0038_3,60919.15875,113.5826,60.544134,225.873871,85.823056,21.500762,86.322507,72.115803
1575,266.03308038276776,65.91677388474534,46.75133481261301,2025W36_1A_0038_3,60919.15875,113.5826,60.544134,225.873871,85.823056,21.500762,86.322507,72.115803
1576,291.8753475015752,67.33735621825234,-138.7903838,2025W36_1A_0038_3,60919.15875,113.5826,60.544134,225.873871,85.823056,21.500762,86.322507,72.115803
1577,292.28351009790657,66.49055597832249,312.81243622020406,2025W36_1A_0038_3,60919.15875,113.5826,60.544134,225.873871,85.823056,21.500762,86.322507,72.115803
1578,75.26407383933957,-58.67960359,-79.49403836,2025W31_2A_0160_1,60888.35152,113.5826,-73.749891,351.058737,14.802487,43.636364,-78.768952,0.0
1579,66.08040614167683,-61.13825731,136.5926649,2025W31_2A_0160_1,60888.35152,113.5826,-73.749891,351.058737,14.802487,43.636364,-78.768952,0.0
1580,263.1451530792621,67.10255812451857,-150.8593367,2025W36_1A_0053_4,60919.23038,113.5826,41.908286,192.99608,89.059994,225.189373,89.553497,180.034508
1581,31.280718745697108,23.816647278781545,157.22586877,2025W31_2A_0103_2,60888.03209,113.5826,31.863587,72.306155,78.693649,40.373832,11.430269,0.0
1582,247.89474161706863,-21.32678238,173.69364197439546,2025W31_2A_0122_3,60888.13282,113.5826,-26.046089,217.122673,43.442582,246.666667,1.148534,180.0
1583,250.46417118640625,23.442680196124662,234.16382044862812,2025W31_2A_0168_2,60888.39354,113.5826,32.072734,132.235565,133.902008,251.566265,44.312944,180.0
1584,255.28178060352064,22.54884971662172,218.49693696927932,2025W31_2A_0168_2,60888.39354,113.5826,32.072734,132.235565,133.902008,251.566265,44.312944,180.0
1585,271.92441243083704,67.87684390002993,51.41926870173157,2025W36_1A_0038_4,60919.16024,113.5826,53.411734,221.894324,80.338757,18.471099,86.375491,75.139456
1586,292.4423580775864,66.09569499236981,55.917753700000006,2025W36_1A_0038_4,60919.16024,113.5826,53.411734,221.894324,80.338757,18.471099,86.375491,75.139456
1587,261.8003495058347,67.48835266306905,116.81520365,2025W27_1A_0225_1,60857.13506,113.5826,82.034996,308.753767,81.240036,164.334698,87.389728,179.99366
1588,259.9278077,63.93353381718488,-74.62255165,2025W27_1A_0225_1,60857.13506,113.5826,82.034996,308.753767,81.240036,164.334698,87.389728,179.99366
1589,149.8883293903214,-29.36708722,20.7490162,2025W22_2B_0433_4,60827.00064,113.5826,-56.693598,256.710648,16.497407,164.0,-39.467076,180.0
1590,340.63081487730835,-49.03516789,163.30600699000001,2025W18_1B_0383_1,60796.0348,113.5826,-54.155488,88.096174,55.16268,316.0,-38.877076,0.0
1591,339.1956774150169,-51.19021054,148.01595243,2025W18_1B_0383_1,60796.0348,113.5826,-54.155488,88.096174,55.16268,316.0,-38.877076,0.0
1592,338.92063331799415,-52.61066039,144.67162724,2025W18_1B_0383_1,60796.0348,113.5826,-54.155488,88.096174,55.16268,316.0,-38.877076,0.0
1593,12.14938690485009,6.63578993,-5.401151227,2025W27_1A_0223_3,60857.12417,113.5826,32.237768,39.334305,62.892284,10.0,1.998134,0.0
1594,12.64800007,8.236586427472764,156.70654724,2025W27_1A_0223_3,60857.12417,113.5826,32.237768,39.334305,62.892284,10.0,1.998134,0.0
1595,7.452408151,4.358281622,-32.50508831,2025W27_1A_0223_3,60857.12417,113.5826,32.237768,39.334305,62.892284,10.0,1.998134,0.0
1596,83.43770785423584,-64.71356834,145.82821712,2025W38_1A_0039_2,60933.11631,113.5826,-65.285003,64.479101,39.677915,22.943591,-82.94638,278.267371
1597,67.57168644006529,-60.16409969,-23.76019362,2025W38_1A_0039_2,60933.11631,113.5826,-65.285003,64.479101,39.677915,22.943591,-82.94638,278.267371
1598,311.3520903971958,5.715086274156636,-77.5959504,2025W18_1B_0385_3,60796.04816,113.5826,15.993055,69.806348,66.520237,314.563107,23.615739,0.0
1599,310.4552130829872,4.674666135458724,-19.55541675,2025W18_1B_0385_3,60796.04816,113.5826,15.993055,69.806348,66.520237,314.563107,23.615739,0.0
1600,143.3339957924689,-67.49995022,43.91941153219362,2025W27_1A_0261_1,60857.302,113.5826,-74.006012,131.096496,45.621407,208.0,-70.776417,180.0
1601,142.32847007427935,-67.22566276,69.31663729676765,2025W27_1A_0261_1,60857.302,113.5826,-74.006012,131.096496,45.621407,208.0,-70.776417,180.0
1602,270.81535074955923,49.24673745,280.81629705873354,2025W38_1A_0031_1,60933.08968,113.5826,27.004383,240.459848,47.328751,286.153846,74.379351,180.0
1603,282.17085505009624,51.58096748137589,232.03379886134465,2025W38_1A_0031_1,60933.08968,113.5826,27.004383,240.459848,47.328751,286.153846,74.379351,180.0
1604,123.9111107222638,-80.85813055,152.99440635761326,2025W31_2A_0124_1,60888.14337,113.5826,-78.308561,174.764906,42.964662,240.0,-74.576018,180.0
1605,238.8072554560036,65.46754163887196,84.77460529,2025W27_1A_0269_2,60857.34501,113.5826,56.241877,156.972961,118.843307,196.363636,76.998952,180.0
1606,255.2414344056241,66.06848458224327,-168.3952014,2025W38_1A_0052_2,60933.15402,113.5826,45.635898,221.428208,72.839448,175.812823,86.377907,284.90498
1607,252.73133863082865,65.4966227,-169.219936,2025W38_1A_0052_2,60933.15402,113.5826,45.635898,221.428208,72.839448,175.812823,86.377907,284.90498
1608,250.0717268827136,64.62942257992053,-171.6573137,2025W38_1A_0052_2,60933.15402,113.5826,45.635898,221.428208,72.839448,175.812823,86.377907,284.90498
1609,260.94339547404513,65.44800615077253,22.97246583103193,2025W38_1A_0052_2,60933.15402,113.5826,45.635898,221.428208,72.839448,175.812823,86.377907,284.90498
1610,87.83483732232725,-64.09823929,-87.4042637,2025W22_2B_0435_1,60827.00663,113.5826,-82.016606,181.321501,34.115255,56.503257,-86.525797,70.386699
1611,88.30493331370918,-66.82567588,74.1940401,2025W22_2B_0435_1,60827.00663,113.5826,-82.016606,181.321501,34.115255,56.503257,-86.525797,70.386699
1612,88.99587897110335,-66.26565091,67.5703039,2025W22_2B_0435_1,60827.00663,113.5826,-82.016606,181.321501,34.115255,56.503257,-86.525797,70.386699
1613,274.3998360972421,4.817126697420819,-153.3138616,2025W36_1A_0055_1,60919.23663,113.5826,9.184533,184.828386,82.865731,276.363636,27.67494,180.0
1614,280.63869068686773,5.491019873,8.296607099999989,2025W36_1A_0055_1,60919.23663,113.5826,9.184533,184.828386,82.865731,276.363636,27.67494,180.0
1615,61.3158997,44.03229654720674,-29.60090053,2025W36_1A_0036_2,60919.14822,113.5826,60.809119,20.864848,77.301889,73.398058,21.649072,0.0
1616,264.3597533379776,64.12986296027144,332.950205071828,2025W27_1A_0200_1,60857.0028,113.5826,68.723788,289.103852,70.350728,164.373426,87.981652,179.954933
1617,262.7230898637528,64.20125586284713,63.686820299999994,2025W27_1A_0200_1,60857.0028,113.5826,68.723788,289.103852,70.350728,164.373426,87.981652,179.954933
1618,256.0436857367105,17.475933558711855,-140.9807752,2025W31_2A_0107_3,60888.05636,113.5826,19.618211,251.483717,35.577407,252.0,39.270409,180.0
1619,139.17445741948112,82.73421993,195.9514486432425,2025W38_1A_0050_1,60933.14496,113.5826,81.043203,333.894577,80.588944,91.636364,62.587215,0.0
1620,126.76093362426847,83.77820527687979,48.32009260000001,2025W38_1A_0050_1,60933.14496,113.5826,81.043203,333.894577,80.588944,91.636364,62.587215,0.0
1621,109.86890782285312,84.95832086,-10.52711294,2025W38_1A_0050_1,60933.14496,113.5826,81.043203,333.894577,80.588944,91.636364,62.587215,0.0
1622,109.8413655614612,85.00263267223328,10.112970600000011,2025W38_1A_0050_1,60933.14496,113.5826,81.043203,333.894577,80.588944,91.636364,62.587215,0.0
1623,86.81788003872443,87.10302573284244,-141.9538159,2025W38_1A_0050_1,60933.14496,113.5826,81.043203,333.894577,80.588944,91.636364,62.587215,0.0
1624,356.6780563286648,-20.40828558,167.13696109,2025W22_2B_0437_2,60827.02013,113.5826,-19.294667,84.801507,62.005757,343.018868,-16.409871,0.0
1625,207.4989746223902,-20.43392579,197.1417042192782,2025W27_1A_0284_2,60857.42662,113.5826,-15.88809,113.194758,87.511744,210.0,-7.567735,180.0
1626,80.43644860721672,-2.154847882,151.85445632,2025W36_1A_0034_1,60919.13939,113.5826,14.889452,36.400553,43.578986,73.398058,-24.205739,0.0
1627,80.49502202431633,-2.587989413,-27.0170083,2025W36_1A_0034_1,60919.13939,113.5826,14.889452,36.400553,43.578986,73.398058,-24.205739,0.0
1628,80.43908725585239,-2.567707056,152.09405849,2025W36_1A_0034_1,60919.13939,113.5826,14.889452,36.400553,43.578986,73.398058,-24.205739,0.0
1629,80.12081421800012,-2.563341256,152.6555491,2025W36_1A_0034_1,60919.13939,113.5826,14.889452,36.400553,43.578986,73.398058,-24.205739,0.0
1630,79.93665267006912,-2.569956338,153.55461598,2025W36_1A_0034_1,60919.13939,113.5826,14.889452,36.400553,43.578986,73.398058,-24.205739,0.0
1631,78.30140378408257,-2.712329522,-27.78065461,2025W36_1A_0034_1,60919.13939,113.5826,14.889452,36.400553,43.578986,73.398058,-24.205739,0.0
1632,77.75745166474812,-2.772347858,152.28770742,2025W36_1A_0034_1,60919.13939,113.5826,14.889452,36.400553,43.578986,73.398058,-24.205739,0.0
1633,77.30932704799164,-2.825958982,151.85132129,2025W36_1A_0034_1,60919.13939,113.5826,14.889452,36.400553,43.578986,73.398058,-24.205739,0.0
1634,77.22980915582413,-2.888552201,-28.30619907,2025W36_1A_0034_1,60919.13939,113.5826,14.889452,36.400553,43.578986,73.398058,-24.205739,0.0
1635,78.68688187654176,-0.851471258,150.5584882269035,2025W36_1A_0034_1,60919.13939,113.5826,14.889452,36.400553,43.578986,73.398058,-24.205739,0.0
1636,76.35959853479378,-2.765127931,151.65057784,2025W36_1A_0034_1,60919.13939,113.5826,14.889452,36.400553,43.578986,73.398058,-24.205739,0.0
1637,74.27888388304709,-2.901658779,151.34545528,2025W36_1A_0034_1,60919.13939,113.5826,14.889452,36.400553,43.578986,73.398058,-24.205739,0.0
1638,73.76816889561631,-2.931296335,150.98125290000002,2025W36_1A_0034_1,60919.13939,113.5826,14.889452,36.400553,43.578986,73.398058,-24.205739,0.0
1639,73.71040796563169,-2.954784474,151.55541703,2025W36_1A_0034_1,60919.13939,113.5826,14.889452,36.400553,43.578986,73.398058,-24.205739,0.0
1640,73.62218638941786,-2.973430107,150.31826179,2025W36_1A_0034_1,60919.13939,113.5826,14.889452,36.400553,43.578986,73.398058,-24.205739,0.0
1641,73.29862608611535,-1.519585536,143.86774843225083,2025W36_1A_0034_1,60919.13939,113.5826,14.889452,36.400553,43.578986,73.398058,-24.205739,0.0
1642,74.06206620355262,-0.446018643,144.0415641965316,2025W36_1A_0034_1,60919.13939,113.5826,14.889452,36.400553,43.578986,73.398058,-24.205739,0.0
1643,72.55029825556828,-3.376011789,-21.89452551,2025W36_1A_0034_1,60919.13939,113.5826,14.889452,36.400553,43.578986,73.398058,-24.205739,0.0
1644,71.24103660051367,-2.913710911,149.97932975999998,2025W36_1A_0034_1,60919.13939,113.5826,14.889452,36.400553,43.578986,73.398058,-24.205739,0.0
1645,70.09315921441001,-2.905828817,-29.55459302,2025W36_1A_0034_1,60919.13939,113.5826,14.889452,36.400553,43.578986,73.398058,-24.205739,0.0
1646,70.02866115,-3.041844144,-28.6611894,2025W36_1A_0034_1,60919.13939,113.5826,14.889452,36.400553,43.578986,73.398058,-24.205739,0.0
1647,71.61388779406397,-1.965231547,-30.42626868,2025W36_1A_0034_1,60919.13939,113.5826,14.889452,36.400553,43.578986,73.398058,-24.205739,0.0
1648,71.40491751849437,-1.862297412,149.54665104,2025W36_1A_0034_1,60919.13939,113.5826,14.889452,36.400553,43.578986,73.398058,-24.205739,0.0
1649,71.51789394139546,-1.136011244,149.61828546,2025W36_1A_0034_1,60919.13939,113.5826,14.889452,36.400553,43.578986,73.398058,-24.205739,0.0
1650,252.785610720276,17.691863592212645,-151.3577325,2025W31_2A_0107_4,60888.05785,113.5826,11.096627,249.614909,29.900165,252.0,39.073743,180.0
1651,250.01541775648403,18.21250611563844,221.85745261869366,2025W31_2A_0107_4,60888.05785,113.5826,11.096627,249.614909,29.900165,252.0,39.073743,180.0
1652,87.77953001776692,-55.00362488,-52.87524339,2025W31_2A_0137_1,60888.21729,113.5826,-64.927231,28.025289,22.354589,63.353752,-79.636747,21.863224
1653,327.4547648214489,-86.03913417,274.39167766935145,2025W38_1A_0060_3,60933.18246,113.5826,-73.604201,51.343981,32.747624,288.0,-64.160549,180.0
1654,348.8118742047825,-80.58100557,91.67350234,2025W38_1A_0060_3,60933.18246,113.5826,-73.604201,51.343981,32.747624,288.0,-64.160549,180.0
1655,3.5505173947622097,-78.19757873,270.0042492164948,2025W38_1A_0060_3,60933.18246,113.5826,-73.604201,51.343981,32.747624,288.0,-64.160549,180.0
1656,125.3983182778542,-68.36805117,111.32954638,2025W27_1A_0219_1,60857.09897,113.5826,-76.453204,198.002348,39.269863,207.272727,-77.195619,180.0
1657,121.0184330808171,-73.76205231,309.5877341690315,2025W27_1A_0219_1,60857.09897,113.5826,-76.453204,198.002348,39.269863,207.272727,-77.195619,180.0
1658,309.40289281696977,27.94772840094579,354.31939352265346,2025W18_1B_0396_3,60796.12279,113.5826,50.537106,35.489061,77.390156,316.626506,44.509611,0.0
1659,302.3702939918389,26.48270010153428,136.11508115,2025W18_1B_0396_3,60796.12279,113.5826,50.537106,35.489061,77.390156,316.626506,44.509611,0.0
1660,131.43636998610808,84.08750972,-17.44478964,2025W38_1A_0049_1,60933.14324,113.5826,75.026423,5.504859,80.588944,91.636364,62.783882,0.0
1661,43.65319820196624,84.51671660033065,97.97665533,2025W38_1A_0049_1,60933.14324,113.5826,75.026423,5.504859,80.588944,91.636364,62.783882,0.0
1662,46.17251947332411,84.34851938354105,-88.22444817,2025W38_1A_0049_1,60933.14324,113.5826,75.026423,5.504859,80.588944,91.636364,62.783882,0.0
1663,199.7520102,-27.82961154,71.96294085,2025W27_1A_0272_1,60857.36071,113.5826,-26.168153,135.2851,92.486476,212.571429,-17.849471,180.0
1664,208.233435,-30.52126633,15.903356043882145,2025W27_1A_0272_1,60857.36071,113.5826,-26.168153,135.2851,92.486476,212.571429,-17.849471,180.0
1665,6.125144150461022,27.694450092579185,82.22391374,2025W27_1A_0211_2,60857.06002,113.5826,52.061034,57.14486,89.366277,13.980583,23.419072,0.0
1666,5.567875195734012,27.51456083431827,-16.09605721,2025W27_1A_0211_2,60857.06002,113.5826,52.061034,57.14486,89.366277,13.980583,23.419072,0.0
1667,5.122696233922872,29.01054931609164,164.15767678,2025W27_1A_0211_2,60857.06002,113.5826,52.061034,57.14486,89.366277,13.980583,23.419072,0.0
1668,1.2942317687376264,27.263772377088355,183.4227917529711,2025W27_1A_0211_2,60857.06002,113.5826,52.061034,57.14486,89.366277,13.980583,23.419072,0.0
1669,181.0373097010922,-43.23693512,222.62133581442006,2025W27_1A_0230_3,60857.16262,113.5826,-55.53883,198.801271,49.429289,208.0,-39.073743,180.0
1670,187.22675502120487,-45.0962273,229.75630302,2025W27_1A_0230_3,60857.16262,113.5826,-55.53883,198.801271,49.429289,208.0,-39.073743,180.0
1671,184.2928207199634,-46.84210519,230.87078714704722,2025W27_1A_0230_3,60857.16262,113.5826,-55.53883,198.801271,49.429289,208.0,-39.073743,180.0
1672,193.23293633752905,-49.36426457,188.7220570373225,2025W27_1A_0230_3,60857.16262,113.5826,-55.53883,198.801271,49.429289,208.0,-39.073743,180.0
1673,224.4791293783828,14.099462762167985,235.49511210195772,2025W27_1A_0295_1,60857.48532,113.5826,33.292023,99.66217,96.999425,218.181818,30.428274,180.0
1674,2.913110564221302,-79.19295853,77.05504812749443,2025W38_1A_0060_4,60933.18396,113.5826,-65.775449,40.48681,28.287289,288.0,-64.357215,180.0
1675,252.0432274847796,-82.81981415,0.4200486999999953,2025W36_1A_0046_1,60919.18625,113.5826,-79.397727,153.332536,42.30627,276.0,-59.574281,180.0
1676,276.70565331923643,-81.35621868,151.83034915496165,2025W36_1A_0046_1,60919.18625,113.5826,-79.397727,153.332536,42.30627,276.0,-59.574281,180.0
1677,300.35128895023945,-80.92215137,321.02383951498194,2025W36_1A_0046_1,60919.18625,113.5826,-79.397727,153.332536,42.30627,276.0,-59.574281,180.0
1678,330.47062310041105,-80.4304123,334.22654278250235,2025W36_1A_0046_1,60919.18625,113.5826,-79.397727,153.332536,42.30627,276.0,-59.574281,180.0
1679,181.8255819791937,-45.64581296,19.11292499999999,2025W27_1A_0230_4,60857.16411,113.5826,-63.789869,193.471028,46.303677,208.0,-39.270409,180.0
1680,180.01052615556353,-45.00472729,-153.1878908,2025W27_1A_0230_4,60857.16411,113.5826,-63.789869,193.471028,46.303677,208.0,-39.270409,180.0
1681,181.19130569083808,-43.98422826,20.226256799999987,2025W27_1A_0230_4,60857.16411,113.5826,-63.789869,193.471028,46.303677,208.0,-39.270409,180.0
1682,167.2566151558829,-35.89898377,15.174227300000013,2025W22_2B_0445_2,60827.06513,113.5826,-38.166489,239.520082,24.375259,180.0,-38.877076,180.0
1683,0.173095828,75.12739283375832,-160.224095,2025W31_2A_0192_3,60888.52106,113.5826,74.481091,111.531447,104.352345,48.0,62.524282,0.0
1684,57.17794927890164,-38.25162648,132.09404562,2025W31_2A_0114_3,60888.08935,113.5826,-24.459245,60.355897,40.169358,46.285714,-55.121747,0.0
1685,75.97896082985568,-13.16021296,-47.92328549,2025W38_1A_0043_1,60933.1321,113.5826,18.034725,38.428221,47.315593,69.677419,-35.667475,0.0
1686,75.55012080579522,-12.32084662,146.82945693,2025W38_1A_0043_1,60933.1321,113.5826,18.034725,38.428221,47.315593,69.677419,-35.667475,0.0
1687,69.21622014550361,-14.45918797,134.03755882000002,2025W38_1A_0043_1,60933.1321,113.5826,18.034725,38.428221,47.315593,69.677419,-35.667475,0.0
1688,70.09693585615574,-12.55255169,-32.97262621,2025W38_1A_0043_1,60933.1321,113.5826,18.034725,38.428221,47.315593,69.677419,-35.667475,0.0
1689,255.72082176404936,79.89398628206645,330.9024074868051,2025W38_1A_0028_1,60933.07905,113.5826,79.893369,291.893784,82.78217,98.181818,75.425618,0.0
1690,257.69812878457964,80.06827583237592,356.8922433611546,2025W38_1A_0028_1,60933.07905,113.5826,79.893369,291.893784,82.78217,98.181818,75.425618,0.0
1691,286.8714515060172,81.65172566194369,5.520037000000002,2025W38_1A_0028_1,60933.07905,113.5826,79.893369,291.893784,82.78217,98.181818,75.425618,0.0
1692,265.2808747983751,65.34923658,119.31861316999999,2025W27_1A_0213_1,60857.06763,113.5826,81.400307,312.342888,82.452371,164.395946,89.75233,179.932412
1693,271.4923109730407,65.13663542857435,155.0650854,2025W27_1A_0213_1,60857.06763,113.5826,81.400307,312.342888,82.452371,164.395946,89.75233,179.932412
1694,13.37942456558208,-8.287415633,344.13918504820333,2025W27_1A_0315_3,60857.59676,113.5826,17.406569,231.715114,43.374596,3.364486,-12.61027,0.0
1695,13.466939075032652,-8.666867843,335.5014674748345,2025W27_1A_0315_3,60857.59676,113.5826,17.406569,231.715114,43.374596,3.364486,-12.61027,0.0
1696,13.196778292396758,-8.388505199,-30.53074029,2025W27_1A_0315_3,60857.59676,113.5826,17.406569,231.715114,43.374596,3.364486,-12.61027,0.0
1697,12.208665393555142,-7.967600568,148.9527960609954,2025W27_1A_0315_3,60857.59676,113.5826,17.406569,231.715114,43.374596,3.364486,-12.61027,0.0
1698,8.867714536622293,-9.92243393,-16.40097278,2025W27_1A_0315_3,60857.59676,113.5826,17.406569,231.715114,43.374596,3.364486,-12.61027,0.0
1699,8.545337090279133,-9.572165312,-34.63999017,2025W27_1A_0315_3,60857.59676,113.5826,17.406569,231.715114,43.374596,3.364486,-12.61027,0.0
1700,7.066803224047814,-10.56634568,333.5329742377986,2025W27_1A_0315_3,60857.59676,113.5826,17.406569,231.715114,43.374596,3.364486,-12.61027,0.0
1701,7.215927658354538,-11.11510372,325.9348666907755,2025W27_1A_0315_3,60857.59676,113.5826,17.406569,231.715114,43.374596,3.364486,-12.61027,0.0
1702,8.438744536704892,-10.88450557,156.33912716543858,2025W27_1A_0315_3,60857.59676,113.5826,17.406569,231.715114,43.374596,3.364486,-12.61027,0.0
1703,9.414947962414232,-11.34495298,326.93833792316354,2025W27_1A_0315_3,60857.59676,113.5826,17.406569,231.715114,43.374596,3.364486,-12.61027,0.0
1704,9.722448990162732,-10.51200934,327.06459059823976,2025W27_1A_0315_3,60857.59676,113.5826,17.406569,231.715114,43.374596,3.364486,-12.61027,0.0
1705,5.497594558861507,-10.57096695,324.7086387681795,2025W27_1A_0315_3,60857.59676,113.5826,17.406569,231.715114,43.374596,3.364486,-12.61027,0.0
1706,4.676840076078478,-10.48887975,152.24691066694234,2025W27_1A_0315_3,60857.59676,113.5826,17.406569,231.715114,43.374596,3.364486,-12.61027,0.0
1707,3.702360256303125,-10.97019734,145.16637482574424,2025W27_1A_0315_3,60857.59676,113.5826,17.406569,231.715114,43.374596,3.364486,-12.61027,0.0
1708,3.022144998523697,-11.43049549,326.67177503576215,2025W27_1A_0315_3,60857.59676,113.5826,17.406569,231.715114,43.374596,3.364486,-12.61027,0.0
1709,3.982607490442073,-11.95128086,325.641405469721,2025W27_1A_0315_3,60857.59676,113.5826,17.406569,231.715114,43.374596,3.364486,-12.61027,0.0
1710,222.7587027568377,13.713797539800032,-19.70845157,2025W27_1A_0270_2,60857.35197,113.5826,20.031008,145.316179,127.988009,218.181818,27.871607,180.0
1711,226.3904511045509,12.67078722416028,219.36559850528533,2025W27_1A_0270_2,60857.35197,113.5826,20.031008,145.316179,127.988009,218.181818,27.871607,180.0
1712,223.6892409283385,11.188653712683044,158.44972738,2025W27_1A_0270_2,60857.35197,113.5826,20.031008,145.316179,127.988009,218.181818,27.871607,180.0
1713,229.2999131234139,10.528375587896743,21.47051896150924,2025W27_1A_0270_2,60857.35197,113.5826,20.031008,145.316179,127.988009,218.181818,27.871607,180.0
1714,228.9424152483821,10.864724679350951,214.1270223612251,2025W27_1A_0270_2,60857.35197,113.5826,20.031008,145.316179,127.988009,218.181818,27.871607,180.0
1715,198.5595285,-24.9521247,207.4386497103686,2025W27_1A_0297_2,60857.49553,113.5826,-21.398636,87.502562,61.312112,207.169811,-15.033204,180.0
1716,12.890199941648584,-9.069473919,147.95849866963252,2025W27_1A_0315_4,60857.59825,113.5826,24.680613,230.043396,50.735395,3.364486,-12.413603,0.0
1717,13.75623644467122,-9.307260929,-31.44342779,2025W27_1A_0315_4,60857.59825,113.5826,24.680613,230.043396,50.735395,3.364486,-12.413603,0.0
1718,13.674813756865271,-9.347468926,-13.41026419,2025W27_1A_0315_4,60857.59825,113.5826,24.680613,230.043396,50.735395,3.364486,-12.413603,0.0
1719,12.132202957469726,-6.864937505,-34.21977728,2025W27_1A_0315_4,60857.59825,113.5826,24.680613,230.043396,50.735395,3.364486,-12.413603,0.0
1720,9.211386013,-10.51493625,-36.2166609,2025W27_1A_0315_4,60857.59825,113.5826,24.680613,230.043396,50.735395,3.364486,-12.413603,0.0
1721,7.638800093,-11.68762197,-27.33569067,2025W27_1A_0315_4,60857.59825,113.5826,24.680613,230.043396,50.735395,3.364486,-12.413603,0.0
1722,7.729583436091173,-11.85179,144.20673961,2025W27_1A_0315_4,60857.59825,113.5826,24.680613,230.043396,50.735395,3.364486,-12.413603,0.0
1723,3.2124803629066494,-10.46408248,145.75667326,2025W27_1A_0315_4,60857.59825,113.5826,24.680613,230.043396,50.735395,3.364486,-12.413603,0.0
1724,2.429236440987356,-10.65074037,152.93486801,2025W27_1A_0315_4,60857.59825,113.5826,24.680613,230.043396,50.735395,3.364486,-12.413603,0.0
1725,4.624762986898518,-12.21659119,141.89792770744117,2025W27_1A_0315_4,60857.59825,113.5826,24.680613,230.043396,50.735395,3.364486,-12.413603,0.0
1726,3.936270227831397,-12.70858893,144.11305717,2025W27_1A_0315_4,60857.59825,113.5826,24.680613,230.043396,50.735395,3.364486,-12.413603,0.0
1727,6.223047642406855,-11.55863631,-37.06758509,2025W27_1A_0315_4,60857.59825,113.5826,24.680613,230.043396,50.735395,3.364486,-12.413603,0.0
1728,4.680757735411212,-12.89973167,143.05841561,2025W27_1A_0315_4,60857.59825,113.5826,24.680613,230.043396,50.735395,3.364486,-12.413603,0.0
1729,4.423933905879863,-11.88388813,139.47121079590002,2025W27_1A_0315_4,60857.59825,113.5826,24.680613,230.043396,50.735395,3.364486,-12.413603,0.0
1730,91.21432454002866,-5.057898826,133.95584967,2025W38_1A_0083_2,60933.26843,113.5826,19.437145,349.208916,28.272874,87.272727,-29.248274,0.0
1731,82.17340112,-7.188023047,139.14126001,2025W38_1A_0083_2,60933.26843,113.5826,19.437145,349.208916,28.272874,87.272727,-29.248274,0.0
1732,268.51123793932385,69.16641706327192,-67.39051267,2025W22_2B_0441_3,60827.04244,113.5826,78.368718,296.785173,79.021474,212.149341,86.405368,103.496687
1733,257.8379490092472,59.60943551,-87.02857158,2025W22_2B_0441_3,60827.04244,113.5826,78.368718,296.785173,79.021474,212.149341,86.405368,103.496687
1734,259.7404912742863,61.182176012190205,-130.9610356,2025W22_2B_0441_3,60827.04244,113.5826,78.368718,296.785173,79.021474,212.149341,86.405368,103.496687
1735,257.0886104775071,62.67088132147498,142.51035895797816,2025W22_2B_0441_3,60827.04244,113.5826,78.368718,296.785173,79.021474,212.149341,86.405368,103.496687
1736,44.94035992894014,8.911479002496211,-28.85844451,2025W31_2A_0150_4,60888.3018,113.5826,21.191289,337.099898,22.088678,40.0,-8.614002,0.0
1737,40.57662173159195,8.337887892996534,150.01702035045645,2025W31_2A_0150_4,60888.3018,113.5826,21.191289,337.099898,22.088678,40.0,-8.614002,0.0
1738,35.47883370409872,6.6163803019094125,147.91489206,2025W31_2A_0150_4,60888.3018,113.5826,21.191289,337.099898,22.088678,40.0,-8.614002,0.0
1739,34.47943638222934,6.492211594,147.32045452,2025W31_2A_0150_4,60888.3018,113.5826,21.191289,337.099898,22.088678,40.0,-8.614002,0.0
1740,21.99077179025002,-22.14672447,359.19082780474463,2025W27_1A_0234_2,60857.18489,113.5826,-4.70734,23.137331,20.127038,10.909091,-28.658274,0.0
1741,12.408811323284798,57.20942225404311,140.05269735000002,2025W31_2A_0179_1,60888.44722,113.5826,70.291148,264.890722,74.20333,45.56962,46.932545,0.0
1742,11.43665131,56.56932651025057,137.94363499,2025W31_2A_0179_1,60888.44722,113.5826,70.291148,264.890722,74.20333,45.56962,46.932545,0.0
1743,258.7366483729672,63.966716958569165,-57.66968951,2025W22_2B_0441_4,60827.04393,113.5826,71.186498,277.644229,76.189708,209.162121,86.352245,106.477898
1744,203.2940086347091,-17.21305798,19.0732255608922,2025W27_1A_0257_1,60857.28937,113.5826,-8.501331,163.695759,98.798017,206.666667,-8.157735,180.0
1745,84.23040825869991,-59.10637244,-138.7824324,2025W18_1B_0402_1,60796.161,113.5826,-71.980064,186.054609,44.052287,71.846742,-84.834785,119.373557
1746,88.10662866881871,-61.17747921,44.281100400000014,2025W18_1B_0402_1,60796.161,113.5826,-71.980064,186.054609,44.052287,71.846742,-84.834785,119.373557
1747,89.25743744365138,-61.63002682,37.03445310000001,2025W18_1B_0402_1,60796.161,113.5826,-71.980064,186.054609,44.052287,71.846742,-84.834785,119.373557
1748,85.13086242,-62.23960273,30.68939560000001,2025W18_1B_0402_1,60796.161,113.5826,-71.980064,186.054609,44.052287,71.846742,-84.834785,119.373557
1749,91.83098736413152,-63.17952254,-146.0812427,2025W18_1B_0402_1,60796.161,113.5826,-71.980064,186.054609,44.052287,71.846742,-84.834785,119.373557
1750,40.162260999510245,5.324792513767504,-30.60029646,2025W31_2A_0150_3,60888.30031,113.5826,12.696711,338.986254,17.039941,40.0,-8.810669,0.0
1751,36.87841967031746,3.7439780933642415,155.63078762,2025W31_2A_0150_3,60888.30031,113.5826,12.696711,338.986254,17.039941,40.0,-8.810669,0.0
1752,114.06413598111033,-65.51688542,299.67169053869856,2025W31_2A_0112_1,60888.07761,113.5826,-81.509227,130.467013,41.089992,212.727273,-82.238153,180.0
1753,306.6512964850624,55.09517531784475,351.8176385493774,2025W27_1A_0293_3,60857.47596,113.5826,79.266276,145.263504,99.406359,344.0,69.596417,0.0
1754,306.36165429242885,57.17068756403705,-72.38962668,2025W27_1A_0293_3,60857.47596,113.5826,79.266276,145.263504,99.406359,344.0,69.596417,0.0
1755,82.03321191119458,-19.53004285,139.37804575,2025W36_1A_0002_1,60919.00317,113.5826,13.521422,85.605716,77.90022,74.482759,-43.266677,0.0
1756,77.48980382792936,-19.3030755,-39.4301798,2025W36_1A_0002_1,60919.00317,113.5826,13.521422,85.605716,77.90022,74.482759,-43.266677,0.0
1757,76.15145759773937,-20.14959571,154.64813600593055,2025W36_1A_0002_1,60919.00317,113.5826,13.521422,85.605716,77.90022,74.482759,-43.266677,0.0
1758,275.05053845802433,69.66433796215861,-151.7553504,2025W38_1A_0089_2,60933.28481,113.5826,71.305989,190.54614,99.922912,35.09629,86.256254,69.272552
1759,229.9543776911169,43.35915482146224,231.81805405550392,2025W27_1A_0255_2,60857.27889,113.5826,46.112461,177.006385,104.574569,216.0,57.938014,180.0
1760,230.3525213709135,43.940032777382726,268.8821262807267,2025W27_1A_0255_2,60857.27889,113.5826,46.112461,177.006385,104.574569,216.0,57.938014,180.0
1761,235.8936191,41.83864063814613,235.66970418812517,2025W27_1A_0255_2,60857.27889,113.5826,46.112461,177.006385,104.574569,216.0,57.938014,180.0
1762,239.18415900513915,38.07432457550083,55.07310494409189,2025W27_1A_0255_2,60857.27889,113.5826,46.112461,177.006385,104.574569,216.0,57.938014,180.0
1763,238.83936960373327,37.64063811409025,235.53500055296837,2025W27_1A_0255_2,60857.27889,113.5826,46.112461,177.006385,104.574569,216.0,57.938014,180.0
1764,2.267485813743729,20.26578216,-23.53800496,2025W27_1A_0236_1,60857.19218,113.5826,32.885903,14.70503,52.80384,13.714286,17.849471,0.0
1765,2.036515469795687,20.479050351826142,-41.64502853,2025W27_1A_0236_1,60857.19218,113.5826,32.885903,14.70503,52.80384,13.714286,17.849471,0.0
1766,215.5134616019808,67.63102112646106,55.37147589999999,2025W18_1B_0408_1,60796.19891,113.5826,80.629783,255.814493,84.719091,158.4,68.943483,180.0
1767,220.24622795645607,62.45877339287631,294.2164940786878,2025W18_1B_0408_1,60796.19891,113.5826,80.629783,255.814493,84.719091,158.4,68.943483,180.0
1768,230.9088230974137,52.68748092676105,-119.1648443,2025W27_1A_0319_1,60857.61651,113.5826,57.259908,59.705293,90.48176,208.8,65.993483,180.0
1769,234.09756240680417,51.709968705100685,293.8169985269145,2025W27_1A_0319_1,60857.61651,113.5826,57.259908,59.705293,90.48176,208.8,65.993483,180.0
1770,236.25081740267728,51.25241952141232,52.6040993,2025W27_1A_0319_1,60857.61651,113.5826,57.259908,59.705293,90.48176,208.8,65.993483,180.0
1771,42.64513124070828,35.85680756098356,159.3357876373184,2025W38_1A_0066_1,60933.20883,113.5826,63.321439,357.288754,67.236164,51.428571,17.652804,0.0
1772,191.10935777445127,46.51444635163797,129.06874864325007,2025W18_1B_0398_2,60796.13546,113.5826,60.06153,234.740871,81.746067,159.493671,47.915878,180.0
1773,192.22288371197152,46.20761345087269,-104.2829352,2025W18_1B_0398_2,60796.13546,113.5826,60.06153,234.740871,81.746067,159.493671,47.915878,180.0
1774,189.7633296265725,48.32401086247495,69.075298,2025W18_1B_0398_2,60796.13546,113.5826,60.06153,234.740871,81.746067,159.493671,47.915878,180.0
1775,284.81682112775496,20.942465196836395,-141.4208414,2025W36_1A_0040_4,60919.169,113.5826,7.447601,208.913267,60.100862,281.927711,45.099611,180.0
1776,285.1916499649543,20.52275333,198.06229033092836,2025W36_1A_0040_4,60919.169,113.5826,7.447601,208.913267,60.100862,281.927711,45.099611,180.0
1777,158.87182616957855,-9.882595893,36.677124099999986,2025W18_1B_0400_2,60796.14887,113.5826,-10.101211,214.425305,49.286393,168.0,-18.242804,180.0
1778,160.1712804648887,-9.970097999,5.134020800000002,2025W18_1B_0400_2,60796.14887,113.5826,-10.101211,214.425305,49.286393,168.0,-18.242804,180.0
1779,163.17227177165688,-11.24139655,-162.8679969,2025W18_1B_0400_2,60796.14887,113.5826,-10.101211,214.425305,49.286393,168.0,-18.242804,180.0
1780,165.1060796990042,-14.95928124,204.93233402070007,2025W18_1B_0400_2,60796.14887,113.5826,-10.101211,214.425305,49.286393,168.0,-18.242804,180.0
1781,91.55293843143068,-57.77711566,120.95976203000001,2025W31_2A_0198_2,60888.55611,113.5826,-69.771354,271.012531,19.276881,76.559146,-82.973535,39.14693
1782,46.74304059453621,14.101173539322142,342.3584722739477,2025W31_2A_0190_1,60888.50613,113.5826,23.194923,263.273345,36.104844,43.333333,-4.751468,0.0
1783,42.83321230924789,10.812873745595606,151.47967011,2025W31_2A_0190_1,60888.50613,113.5826,23.194923,263.273345,36.104844,43.333333,-4.751468,0.0
1784,37.35233805634189,8.887944364994551,64.92842387416721,2025W31_2A_0190_1,60888.50613,113.5826,23.194923,263.273345,36.104844,43.333333,-4.751468,0.0
1785,37.50869491923186,8.678962154674794,148.85569693,2025W31_2A_0190_1,60888.50613,113.5826,23.194923,263.273345,36.104844,43.333333,-4.751468,0.0
1786,65.15081438,-35.45966566,-25.5323303,2025W31_2A_0114_2,60888.08786,113.5826,-32.912265,62.485213,40.169358,46.285714,-55.318413,0.0
1787,62.77628619180883,-35.79975235,-23.46507579,2025W31_2A_0114_2,60888.08786,113.5826,-32.912265,62.485213,40.169358,46.285714,-55.318413,0.0
1788,62.703808759739886,-35.90743866,157.07993715,2025W31_2A_0114_2,60888.08786,113.5826,-32.912265,62.485213,40.169358,46.285714,-55.318413,0.0
1789,55.43071940175516,-36.96238673,133.02296961,2025W31_2A_0114_2,60888.08786,113.5826,-32.912265,62.485213,40.169358,46.285714,-55.318413,0.0
1790,57.10521223291186,-36.94789724,-138.803433,2025W31_2A_0114_2,60888.08786,113.5826,-32.912265,62.485213,40.169358,46.285714,-55.318413,0.0
1791,87.99605927948076,-16.01371908,153.87914535,2025W38_1A_0062_1,60933.19158,113.5826,-27.504078,23.882177,8.104513,88.0,-40.253743,0.0
1792,84.47013218681134,-15.60982868,154.89192992,2025W38_1A_0062_1,60933.19158,113.5826,-27.504078,23.882177,8.104513,88.0,-40.253743,0.0
1793,36.79780463005197,15.810822682430798,-17.49281384,2025W31_2A_0177_1,60888.43854,113.5826,24.956178,287.308615,29.695041,40.0,2.391467,0.0
1794,33.83493932639732,15.241421108162507,359.4633847,2025W31_2A_0177_1,60888.43854,113.5826,24.956178,287.308615,29.695041,40.0,2.391467,0.0
1795,12.808903459382348,-7.234640086,155.5223968768061,2025W27_1A_0315_2,60857.59526,113.5826,8.913225,233.554395,37.399144,3.364486,-12.806936,0.0
1796,12.449174679016467,-7.129526421,149.44348636973626,2025W27_1A_0315_2,60857.59526,113.5826,8.913225,233.554395,37.399144,3.364486,-12.806936,0.0
1797,8.815804401949686,-9.084862176,318.12486618265325,2025W27_1A_0315_2,60857.59526,113.5826,8.913225,233.554395,37.399144,3.364486,-12.806936,0.0
1798,6.3400117682178685,-9.773441666,148.48666826346312,2025W27_1A_0315_2,60857.59526,113.5826,8.913225,233.554395,37.399144,3.364486,-12.806936,0.0
1799,8.722362158523861,-10.24536996,328.73760093150725,2025W27_1A_0315_2,60857.59526,113.5826,8.913225,233.554395,37.399144,3.364486,-12.806936,0.0
1800,7.773862577090538,-9.341646112,157.48229773489075,2025W27_1A_0315_2,60857.59526,113.5826,8.913225,233.554395,37.399144,3.364486,-12.806936,0.0
1801,255.9335478,2.132123402288721,-143.5528372,2025W38_1A_0009_1,60933.03201,113.5826,-26.838802,253.065996,9.875009,258.640777,24.009072,180.0
1802,256.8178762058215,0.8615936492433668,-146.9619338,2025W38_1A_0009_1,60933.03201,113.5826,-26.838802,253.065996,9.875009,258.640777,24.009072,180.0
1803,265.0290455370116,-0.042685832,29.2393864,2025W38_1A_0009_1,60933.03201,113.5826,-26.838802,253.065996,9.875009,258.640777,24.009072,180.0
1804,265.0721446561301,1.8211170002905464,31.334016200000008,2025W38_1A_0009_1,60933.03201,113.5826,-26.838802,253.065996,9.875009,258.640777,24.009072,180.0
1805,163.2560046265808,-1.60111123,36.45874850000001,2025W18_1B_0379_1,60796.00782,113.5826,16.627971,268.997824,28.91324,160.0,-6.584402,180.0
1806,163.51171060076234,-1.199318409,48.25354659999999,2025W18_1B_0379_1,60796.00782,113.5826,16.627971,268.997824,28.91324,160.0,-6.584402,180.0
1807,163.7160417631676,-0.075191716,37.5097964,2025W18_1B_0379_1,60796.00782,113.5826,16.627971,268.997824,28.91324,160.0,-6.584402,180.0
1808,163.2202015242788,0.8436437957434809,-151.3318004,2025W18_1B_0379_1,60796.00782,113.5826,16.627971,268.997824,28.91324,160.0,-6.584402,180.0
1809,160.27634798936106,1.362177114999082,35.59242069999999,2025W18_1B_0379_1,60796.00782,113.5826,16.627971,268.997824,28.91324,160.0,-6.584402,180.0
1810,159.6444565525566,2.315006264887395,-145.1954095,2025W18_1B_0379_1,60796.00782,113.5826,16.627971,268.997824,28.91324,160.0,-6.584402,180.0
1811,159.04600514023753,2.240186142908002,-141.4292451,2025W18_1B_0379_1,60796.00782,113.5826,16.627971,268.997824,28.91324,160.0,-6.584402,180.0
1812,154.44702468357562,2.64146606,-155.1373762,2025W18_1B_0379_1,60796.00782,113.5826,16.627971,268.997824,28.91324,160.0,-6.584402,180.0
1813,156.05831332155876,3.8949329151557897,-140.2903504,2025W18_1B_0379_1,60796.00782,113.5826,16.627971,268.997824,28.91324,160.0,-6.584402,180.0
1814,158.0512915168867,3.0185154273528947,-142.3243609,2025W18_1B_0379_1,60796.00782,113.5826,16.627971,268.997824,28.91324,160.0,-6.584402,180.0
1815,73.12209167792048,61.75457360700191,7.047206975418536,2025W38_1A_0003_1,60933.00522,113.5826,63.653786,70.388106,98.779221,74.482759,40.316676,0.0
1816,61.86073069396598,63.28565039016126,140.60356296999998,2025W38_1A_0003_1,60933.00522,113.5826,63.653786,70.388106,98.779221,74.482759,40.316676,0.0
1817,281.49110599274417,73.28896711834487,49.09176590000001,2025W27_1A_0238_1,60857.20129,113.5826,78.065197,335.20766,75.357662,40.886656,85.807478,303.371167
1818,275.4258240006073,70.23544160931522,64.624017,2025W27_1A_0238_1,60857.20129,113.5826,78.065197,335.20766,75.357662,40.886656,85.807478,303.371167
1819,277.9333337618143,66.21054338995808,-34.83885092,2025W27_1A_0238_1,60857.20129,113.5826,78.065197,335.20766,75.357662,40.886656,85.807478,303.371167
1820,320.2538377,-84.82618889,330.528290922769,2025W38_1A_0060_2,60933.18097,113.5826,-79.391209,71.776929,37.287507,288.0,-63.963882,180.0
1821,314.855055,-85.13691161,328.0554958222454,2025W38_1A_0060_2,60933.18097,113.5826,-79.391209,71.776929,37.287507,288.0,-63.963882,180.0
1822,324.92376203015124,-84.51535516,267.53245946913285,2025W38_1A_0060_2,60933.18097,113.5826,-79.391209,71.776929,37.287507,288.0,-63.963882,180.0
1823,357.37496867717323,-82.4020854,110.08680322905911,2025W38_1A_0060_2,60933.18097,113.5826,-79.391209,71.776929,37.287507,288.0,-63.963882,180.0
1824,339.6876359311429,-83.20777443,305.4529418355774,2025W38_1A_0060_2,60933.18097,113.5826,-79.391209,71.776929,37.287507,288.0,-63.963882,180.0
1825,345.6511531899032,-80.10843574,82.09222252296453,2025W38_1A_0060_2,60933.18097,113.5826,-79.391209,71.776929,37.287507,288.0,-63.963882,180.0
1826,352.23071086730806,-78.63841308,122.73512971,2025W38_1A_0060_2,60933.18097,113.5826,-79.391209,71.776929,37.287507,288.0,-63.963882,180.0
1827,7.9357331118678065,29.751782202191908,22.76755396462004,2025W27_1A_0211_3,60857.06152,113.5826,60.37151,52.661698,92.507827,13.980583,23.615739,0.0
1828,314.9814067197808,42.99343072795056,-113.7478125,2025W27_1A_0253_1,60857.26809,113.5826,73.592635,324.1961,67.617129,337.846154,56.168013,0.0
1829,207.19397494074252,87.08142665524079,121.8023375,2025W38_1A_0068_1,60933.21332,113.5826,81.745237,297.21646,78.939415,93.6,67.96015,0.0
1830,241.3063239054568,88.50155487,246.00018232586436,2025W38_1A_0068_1,60933.21332,113.5826,81.745237,297.21646,78.939415,93.6,67.96015,0.0
1831,241.0129854769416,37.53356716121226,42.26991255173502,2025W27_1A_0255_3,60857.28038,113.5826,38.874493,174.619403,102.299104,216.0,57.741347,180.0
1832,240.2118729810994,38.39247518,53.91206470022585,2025W27_1A_0255_3,60857.28038,113.5826,38.874493,174.619403,102.299104,216.0,57.741347,180.0
1833,240.7543022768264,38.97178406809383,231.94155732953217,2025W27_1A_0255_3,60857.28038,113.5826,38.874493,174.619403,102.299104,216.0,57.741347,180.0
1834,157.5768821402371,-11.91753992,-158.8909075,2025W18_1B_0400_3,60796.15036,113.5826,-17.37542,212.844712,49.280694,168.0,-18.439471,180.0
1835,159.06007597500448,-10.07931851,-158.7802656,2025W18_1B_0400_3,60796.15036,113.5826,-17.37542,212.844712,49.280694,168.0,-18.439471,180.0
1836,157.33370758494362,-10.947186,-171.2992151,2025W18_1B_0400_3,60796.15036,113.5826,-17.37542,212.844712,49.280694,168.0,-18.439471,180.0
1837,165.77331850369788,-13.26468557,16.356961299999995,2025W18_1B_0400_3,60796.15036,113.5826,-17.37542,212.844712,49.280694,168.0,-18.439471,180.0
1838,13.584020294769214,58.08081472740656,124.14629855,2025W31_2A_0152_1,60888.31068,113.5826,66.759394,318.03001,59.812827,45.56962,47.915878,0.0
1839,64.19658546362278,63.43405136660709,31.49966760000001,2025W38_1A_0047_1,60933.13897,113.5826,53.152718,27.864201,75.569304,70.344828,40.513343,0.0
1840,236.5547371076835,40.06314676325851,40.508940640675206,2025W27_1A_0255_4,60857.28187,113.5826,30.398849,172.268285,101.774601,216.0,57.54468,180.0
1841,239.40282905848704,39.607106783093016,209.34577488831036,2025W27_1A_0255_4,60857.28187,113.5826,30.398849,172.268285,101.774601,216.0,57.54468,180.0
1842,241.67603054641296,39.26113029940968,51.068879502552456,2025W27_1A_0255_4,60857.28187,113.5826,30.398849,172.268285,101.774601,216.0,57.54468,180.0
1843,81.48282861362945,-19.90146654,-28.96623261,2025W36_1A_0048_1,60919.19989,113.5826,-24.556806,20.447268,5.795392,74.482759,-42.086677,0.0
1844,81.96646387115057,-20.49811275,-107.4963247,2025W36_1A_0048_1,60919.19989,113.5826,-24.556806,20.447268,5.795392,74.482759,-42.086677,0.0
1845,82.18420520335228,-18.01607843,-89.56837307,2025W36_1A_0048_1,60919.19989,113.5826,-24.556806,20.447268,5.795392,74.482759,-42.086677,0.0
1846,77.98852888114926,-19.18173714,-99.43368518,2025W36_1A_0048_1,60919.19989,113.5826,-24.556806,20.447268,5.795392,74.482759,-42.086677,0.0
1847,72.09887940287537,-21.06242561,-20.31043663,2025W36_1A_0048_1,60919.19989,113.5826,-24.556806,20.447268,5.795392,74.482759,-42.086677,0.0
1848,193.2553580692741,5.666707788838864,-128.3874669,2025W22_2B_0443_1,60827.05331,113.5826,23.596868,253.581339,38.81508,188.411215,11.430269,180.0
1849,192.93331402549595,6.024006624661783,39.8113065,2025W22_2B_0443_1,60827.05331,113.5826,23.596868,253.581339,38.81508,188.411215,11.430269,180.0
1850,193.24254344591264,7.140759559276469,-140.7995381,2025W22_2B_0443_1,60827.05331,113.5826,23.596868,253.581339,38.81508,188.411215,11.430269,180.0
1851,194.3636732085388,5.895621156415872,-139.4887078,2025W22_2B_0443_1,60827.05331,113.5826,23.596868,253.581339,38.81508,188.411215,11.430269,180.0
1852,196.17230033534443,3.5560457724609336,40.59120456192124,2025W22_2B_0443_1,60827.05331,113.5826,23.596868,253.581339,38.81508,188.411215,11.430269,180.0
1853,189.27891854977315,50.07716547715701,54.702411600000005,2025W18_1B_0398_4,60796.13844,113.5826,44.4978,227.502213,69.979575,159.493671,47.522545,180.0
1854,185.8045310945263,49.78953481722278,71.5304283,2025W18_1B_0398_4,60796.13844,113.5826,44.4978,227.502213,69.979575,159.493671,47.522545,180.0
1855,275.7307960815878,21.82087083793303,-120.1334634,2025W36_1A_0040_2,60919.16602,113.5826,23.224319,212.390284,64.725416,281.927711,45.492944,180.0
1856,298.29331248119263,52.03927124668115,139.10923259342164,2025W27_1A_0293_2,60857.47446,113.5826,82.038021,189.24011,93.102046,344.0,69.39975,0.0
1857,268.0010932782274,68.40618645562579,243.9400467,2025W38_1A_0089_3,60933.2863,113.5826,63.302118,181.691711,105.431918,32.208246,86.326728,72.154587
1858,157.99956705924905,-10.670164,15.99238539999999,2025W18_1B_0400_4,60796.15185,113.5826,-25.848732,210.884365,49.296976,168.0,-18.636138,180.0
1859,162.29381438493698,-12.56956865,17.68323129999999,2025W18_1B_0400_4,60796.15185,113.5826,-25.848732,210.884365,49.296976,168.0,-18.636138,180.0
1860,254.6771914249732,41.51841338,18.480761900000005,2025W36_1A_0023_1,60919.10062,113.5826,9.348529,233.768819,39.503073,240.0,62.524282,180.0
1861,84.90727410531026,-60.92715535,-162.6925286,2025W18_1B_0392_3,60796.09588,113.5826,-81.981951,151.873898,40.007349,75.503641,-84.633968,123.035516
1862,94.59702711100472,-63.41333463,319.1125106302679,2025W18_1B_0392_3,60796.09588,113.5826,-81.981951,151.873898,40.007349,75.503641,-84.633968,123.035516
1863,234.58017600244844,-39.02324408,32.48213469999999,2025W31_2A_0196_4,60888.54546,113.5826,-51.713141,62.337549,39.350746,246.857143,-20.406138,180.0
1864,17.974914828549114,-21.83378997,342.10023872082695,2025W27_1A_0234_3,60857.18639,113.5826,2.575357,21.616918,27.631564,10.909091,-28.461607,0.0
1865,221.5162544510136,11.990163912844404,-135.3731672,2025W27_1A_0215_2,60857.08136,113.5826,14.145357,241.831206,36.228573,218.181818,27.281607,180.0
1866,246.48080923702705,-0.71135377,24.49838057894358,2025W31_2A_0133_1,60888.19351,113.5826,12.192135,200.94085,69.30951,250.285714,20.209472,180.0
1867,246.6123546995828,-0.982031177,214.61304778388256,2025W31_2A_0133_1,60888.19351,113.5826,12.192135,200.94085,69.30951,250.285714,20.209472,180.0
1868,246.5085681487764,-2.078728773,214.39306454160163,2025W31_2A_0133_1,60888.19351,113.5826,12.192135,200.94085,69.30951,250.285714,20.209472,180.0
1869,246.7863214221192,-2.255885621,32.946722776534784,2025W31_2A_0133_1,60888.19351,113.5826,12.192135,200.94085,69.30951,250.285714,20.209472,180.0
1870,248.20178180844704,-2.035525188,25.10117292172755,2025W31_2A_0133_1,60888.19351,113.5826,12.192135,200.94085,69.30951,250.285714,20.209472,180.0
1871,248.9610216227645,-1.942402064,214.81791356372682,2025W31_2A_0133_1,60888.19351,113.5826,12.192135,200.94085,69.30951,250.285714,20.209472,180.0
1872,248.8120408574257,-2.342582519,213.53711294931125,2025W31_2A_0133_1,60888.19351,113.5826,12.192135,200.94085,69.30951,250.285714,20.209472,180.0
1873,249.00420046414013,-2.380749918,213.60334400533674,2025W31_2A_0133_1,60888.19351,113.5826,12.192135,200.94085,69.30951,250.285714,20.209472,180.0
1874,249.13643020222972,-2.40381923,33.605859464367335,2025W31_2A_0133_1,60888.19351,113.5826,12.192135,200.94085,69.30951,250.285714,20.209472,180.0
1875,251.44487843718065,-2.29664321,213.608495094619,2025W31_2A_0133_1,60888.19351,113.5826,12.192135,200.94085,69.30951,250.285714,20.209472,180.0
1876,252.60047934097412,-1.227463897,214.18378520100498,2025W31_2A_0133_1,60888.19351,113.5826,12.192135,200.94085,69.30951,250.285714,20.209472,180.0
1877,256.05420131789754,-4.035355744,32.96677114397197,2025W31_2A_0133_1,60888.19351,113.5826,12.192135,200.94085,69.30951,250.285714,20.209472,180.0
1878,253.8605476889598,-2.147441258,212.9796809734028,2025W31_2A_0133_1,60888.19351,113.5826,12.192135,200.94085,69.30951,250.285714,20.209472,180.0
1879,256.1724873786165,-1.82600229,215.66979272,2025W31_2A_0133_1,60888.19351,113.5826,12.192135,200.94085,69.30951,250.285714,20.209472,180.0
1880,255.8745622964741,-2.329024272,214.12414764,2025W31_2A_0133_1,60888.19351,113.5826,12.192135,200.94085,69.30951,250.285714,20.209472,180.0
1881,256.0751059103944,-2.285065456,214.2653476262339,2025W31_2A_0133_1,60888.19351,113.5826,12.192135,200.94085,69.30951,250.285714,20.209472,180.0
1882,255.40658901611624,-1.178443484,212.283690196216,2025W31_2A_0133_1,60888.19351,113.5826,12.192135,200.94085,69.30951,250.285714,20.209472,180.0
1883,56.91754508054447,78.93401687274938,-86.13412788,2025W38_1A_0026_1,60933.07506,113.5826,73.36318,33.714618,85.152464,72.0,56.168013,0.0
1884,43.949773919212326,77.10058891695509,-36.07509209,2025W38_1A_0026_1,60933.07506,113.5826,73.36318,33.714618,85.152464,72.0,56.168013,0.0
1885,44.51472013510292,7.742906653653732,-29.28890172,2025W31_2A_0150_2,60888.29882,113.5826,5.414685,340.532732,10.992311,40.0,-9.007335,0.0
1886,44.08676148220013,5.656309111757695,156.83256537,2025W31_2A_0150_2,60888.29882,113.5826,5.414685,340.532732,10.992311,40.0,-9.007335,0.0
1887,39.48878636462872,6.457808694195968,149.1055087,2025W31_2A_0150_2,60888.29882,113.5826,5.414685,340.532732,10.992311,40.0,-9.007335,0.0
1888,36.90899787830115,4.867011496984209,149.50841551,2025W31_2A_0150_2,60888.29882,113.5826,5.414685,340.532732,10.992311,40.0,-9.007335,0.0
1889,36.29942635,5.099653650136847,-22.814731,2025W31_2A_0150_2,60888.29882,113.5826,5.414685,340.532732,10.992311,40.0,-9.007335,0.0
1890,111.58546535173684,-85.34425208,7.088937841188914,2025W36_1A_0029_1,60919.11846,113.5826,-80.461126,169.689187,41.150218,272.0,-71.366417,180.0
1891,74.16395584,-86.20745684,56.48589054819852,2025W36_1A_0029_1,60919.11846,113.5826,-80.461126,169.689187,41.150218,272.0,-71.366417,180.0
1892,80.40638519725009,-84.29052411,21.113115190665344,2025W36_1A_0029_1,60919.11846,113.5826,-80.461126,169.689187,41.150218,272.0,-71.366417,180.0
1893,35.53916318757714,-83.09530713,189.828257058,2025W36_1A_0029_1,60919.11846,113.5826,-80.461126,169.689187,41.150218,272.0,-71.366417,180.0
1894,264.7764129159747,64.97216344435583,-90.35106875,2025W22_2B_0441_2,60827.04095,113.5826,81.959362,336.315854,81.561045,215.297321,86.442124,100.354716
1895,260.0882420992442,61.07993517908844,46.42025469999999,2025W22_2B_0441_2,60827.04095,113.5826,81.959362,336.315854,81.561045,215.297321,86.442124,100.354716
1896,259.72142814241795,60.52349484729114,97.35462875,2025W22_2B_0441_2,60827.04095,113.5826,81.959362,336.315854,81.561045,215.297321,86.442124,100.354716
1897,88.76807957171842,-7.229225302,-3.567308649,2025W38_1A_0083_3,60933.26992,113.5826,27.951327,347.198011,33.336573,87.272727,-29.051607,0.0
1898,85.29936563818696,-4.99129301,-30.66801575,2025W38_1A_0083_3,60933.26992,113.5826,27.951327,347.198011,33.336573,87.272727,-29.051607,0.0
1899,85.07612627869214,-5.160299917,148.0542508,2025W38_1A_0083_3,60933.26992,113.5826,27.951327,347.198011,33.336573,87.272727,-29.051607,0.0
1900,85.31148182513456,-4.872930856,-30.87233848,2025W38_1A_0083_3,60933.26992,113.5826,27.951327,347.198011,33.336573,87.272727,-29.051607,0.0
1901,84.40527292,-5.29168985,-32.06471063,2025W38_1A_0083_3,60933.26992,113.5826,27.951327,347.198011,33.336573,87.272727,-29.051607,0.0
1902,25.72134371053671,-18.17940758,154.16018438389557,2025W27_1A_0234_4,60857.1879,113.5826,11.071336,19.825682,34.063378,10.909091,-28.26494,0.0
1903,20.53547268578718,-22.47754824,305.94397589205823,2025W27_1A_0234_4,60857.1879,113.5826,11.071336,19.825682,34.063378,10.909091,-28.26494,0.0
1904,20.061968327482816,-21.64990689,354.62420010182626,2025W27_1A_0234_4,60857.1879,113.5826,11.071336,19.825682,34.063378,10.909091,-28.26494,0.0
1905,18.36946328568265,-22.96946099,162.38274051331248,2025W27_1A_0234_4,60857.1879,113.5826,11.071336,19.825682,34.063378,10.909091,-28.26494,0.0
1906,9.902891159522497,2.864545108868423,155.4453105760533,2025W27_1A_0291_1,60857.45936,113.5826,8.833655,282.481341,16.495335,6.666667,-2.588134,0.0
1907,11.573928050945344,3.482010164946571,342.7112760011363,2025W27_1A_0291_1,60857.45936,113.5826,8.833655,282.481341,16.495335,6.666667,-2.588134,0.0
1908,5.599857466574488,0.749971678,338.5953713554411,2025W27_1A_0291_1,60857.45936,113.5826,8.833655,282.481341,16.495335,6.666667,-2.588134,0.0
1909,6.185834055984311,-1.647060856,157.80937401,2025W27_1A_0291_1,60857.45936,113.5826,8.833655,282.481341,16.495335,6.666667,-2.588134,0.0
1910,3.9163740146201342,-2.18169041,153.2209473,2025W27_1A_0291_1,60857.45936,113.5826,8.833655,282.481341,16.495335,6.666667,-2.588134,0.0
1911,2.062181829375496,-1.867809255,-29.64389998,2025W27_1A_0291_1,60857.45936,113.5826,8.833655,282.481341,16.495335,6.666667,-2.588134,0.0
1912,3.3360424348132525,-2.005142225,150.13759024,2025W27_1A_0291_1,60857.45936,113.5826,8.833655,282.481341,16.495335,6.666667,-2.588134,0.0
1913,3.1491292463999163,-2.669549158,-32.21289006,2025W27_1A_0291_1,60857.45936,113.5826,8.833655,282.481341,16.495335,6.666667,-2.588134,0.0
1914,142.09587547924636,-72.82232298,77.7086271,2025W31_2A_0098_2,60888.01086,113.5826,-77.530404,124.181823,42.138193,240.0,-70.973084,180.0
1915,1.857877416280246,-33.42844053,160.42933782,2025W22_2B_0449_1,60827.08438,113.5826,-39.268394,65.476107,41.206799,345.454545,-30.034941,0.0
1916,244.8415998,23.779547981066592,-167.6414796,2025W36_1A_0042_1,60919.1731,113.5826,-14.384196,204.309231,57.832353,244.137931,43.266677,180.0
1917,250.7252886819266,20.45705422155648,46.25848451371311,2025W36_1A_0042_1,60919.1731,113.5826,-14.384196,204.309231,57.832353,244.137931,43.266677,180.0
1918,254.21583816746065,22.11594041544961,225.44506713901853,2025W36_1A_0042_1,60919.1731,113.5826,-14.384196,204.309231,57.832353,244.137931,43.266677,180.0
1919,253.5318911285628,20.343144024298475,201.95583902749289,2025W36_1A_0042_1,60919.1731,113.5826,-14.384196,204.309231,57.832353,244.137931,43.266677,180.0
1920,85.75287152006318,-55.32930825,-112.950456,2025W31_2A_0125_4,60888.15305,113.5826,-46.678814,42.321985,23.107295,61.485002,-78.713199,20.0213
1921,76.13567116560513,-56.02378294,159.9048352041002,2025W31_2A_0125_4,60888.15305,113.5826,-46.678814,42.321985,23.107295,61.485002,-78.713199,20.0213
1922,71.57099354077315,-58.8241936,48.09362597128286,2025W31_2A_0125_4,60888.15305,113.5826,-46.678814,42.321985,23.107295,61.485002,-78.713199,20.0213
1923,285.09568095963715,-27.86894622,-163.7719675,2025W38_1A_0095_1,60933.30582,113.5826,-38.062111,152.248253,79.956195,283.333333,-6.584402,180.0
1924,276.0147060553822,60.423510572050944,-116.3067388,2025W31_2A_0180_1,60888.45417,113.5826,69.597548,127.463602,109.216395,298.410938,86.424361,78.178683
1925,272.56414864527875,60.93132483945043,-119.4724861,2025W31_2A_0180_1,60888.45417,113.5826,69.597548,127.463602,109.216395,298.410938,86.424361,78.178683
1926,32.52742064920791,53.40113483497074,159.0538053180725,2025W31_2A_0104_2,60888.0387,113.5826,65.372777,57.19755,94.200828,44.0,37.107076,0.0
1927,16.87369805597235,49.26779755415372,359.9775481454021,2025W31_2A_0104_2,60888.0387,113.5826,65.372777,57.19755,94.200828,44.0,37.107076,0.0
1928,81.19398564357506,-57.5624534,133.196569,2025W31_2A_0125_3,60888.15156,113.5826,-53.834871,45.324454,27.622566,61.831463,-78.901547,20.367933
1929,262.5391336910131,20.47397222352993,8.324549538134976,2025W38_1A_0072_1,60933.23109,113.5826,-2.279313,185.136051,78.730345,256.551724,43.07001,180.0
1930,280.15830167820815,58.28148711508661,70.7206394,2025W31_2A_0167_1,60888.38487,113.5826,75.622927,163.361884,100.11533,310.047965,86.185983,66.565693
1931,217.7242048645687,-0.947780888,31.09911616906692,2025W27_1A_0241_2,60857.21854,113.5826,6.755307,191.343389,76.095195,218.691589,12.806936,180.0
1932,218.3071926841781,-1.083932258,189.77569701186056,2025W27_1A_0241_2,60857.21854,113.5826,6.755307,191.343389,76.095195,218.691589,12.806936,180.0
1933,217.87457948338604,-2.732271582,213.49615182465863,2025W27_1A_0241_2,60857.21854,113.5826,6.755307,191.343389,76.095195,218.691589,12.806936,180.0
1934,222.2573869439417,-2.010975906,194.99494708295066,2025W27_1A_0241_2,60857.21854,113.5826,6.755307,191.343389,76.095195,218.691589,12.806936,180.0
1935,220.30848613326816,-0.71093611,210.6073967768188,2025W27_1A_0241_2,60857.21854,113.5826,6.755307,191.343389,76.095195,218.691589,12.806936,180.0
1936,313.66734730076763,-26.13129226,-32.15285894,2025W18_1B_0384_1,60796.03995,113.5826,-27.722759,79.316947,55.106029,313.333333,-9.990669,0.0
1937,76.62210994473108,-23.27447473,-52.98731487,2025W38_1A_0019_1,60933.06235,113.5826,7.597793,65.13637,58.209043,65.060241,-46.279611,0.0
1938,75.81874014,-21.9868477,126.78843478,2025W38_1A_0019_1,60933.06235,113.5826,7.597793,65.13637,58.209043,65.060241,-46.279611,0.0
1939,68.26802102204134,-24.60905162,-47.33495624,2025W38_1A_0019_1,60933.06235,113.5826,7.597793,65.13637,58.209043,65.060241,-46.279611,0.0
1940,66.60642474,-23.41866514,311.91742411116735,2025W38_1A_0019_1,60933.06235,113.5826,7.597793,65.13637,58.209043,65.060241,-46.279611,0.0
1941,21.27744446107273,-11.25117587,-80.52146739,2025W27_1A_0222_1,60857.11758,113.5826,-1.716561,46.967513,37.672929,10.285714,-18.046138,0.0
1942,248.42177026724423,-1.39349039,-157.221005,2025W31_2A_0144_4,60888.26595,113.5826,-11.60652,171.478882,90.392879,250.285714,18.832805,180.0
1943,251.3715105607866,-4.405015982,22.54512109135871,2025W31_2A_0144_4,60888.26595,113.5826,-11.60652,171.478882,90.392879,250.285714,18.832805,180.0
1944,247.30356129714488,-9.675954172,28.830894,2025W31_2A_0182_2,60888.46804,113.5826,-2.668997,100.000978,80.232845,250.0,10.974003,180.0
1945,249.9844898534469,-9.720555509,26.40146820000001,2025W31_2A_0182_2,60888.46804,113.5826,-2.668997,100.000978,80.232845,250.0,10.974003,180.0
1946,251.1058133517704,-9.913746439,26.24812349999999,2025W31_2A_0182_2,60888.46804,113.5826,-2.668997,100.000978,80.232845,250.0,10.974003,180.0
1947,254.3368136207922,-12.75736105,26.295175431795656,2025W31_2A_0182_2,60888.46804,113.5826,-2.668997,100.000978,80.232845,250.0,10.974003,180.0
1948,247.0685578820581,-1.323672047,-150.8460564,2025W31_2A_0144_3,60888.26446,113.5826,-3.091778,173.2759,90.475056,250.285714,19.029471,180.0
1949,247.701035891218,-2.955086212,26.031998499999986,2025W31_2A_0144_3,60888.26446,113.5826,-3.091778,173.2759,90.475056,250.285714,19.029471,180.0
1950,250.9195937,-1.661787852,26.848961494529576,2025W31_2A_0144_3,60888.26446,113.5826,-3.091778,173.2759,90.475056,250.285714,19.029471,180.0
1951,252.5765101289492,-3.069517391,-153.9155731,2025W31_2A_0144_3,60888.26446,113.5826,-3.091778,173.2759,90.475056,250.285714,19.029471,180.0
1952,256.70108957029925,-5.72538904,21.276133299999998,2025W31_2A_0144_3,60888.26446,113.5826,-3.091778,173.2759,90.475056,250.285714,19.029471,180.0
1953,256.72793541809915,-2.890225064,-145.9493686,2025W31_2A_0144_3,60888.26446,113.5826,-3.091778,173.2759,90.475056,250.285714,19.029471,180.0
1954,216.0596081701448,-5.100197896,39.75264180941275,2025W27_1A_0228_1,60857.15086,113.5826,4.978865,215.425641,53.14173,220.0,7.961069,180.0
1955,215.3527306683906,-5.135639081,209.1445712555202,2025W27_1A_0228_1,60857.15086,113.5826,4.978865,215.425641,53.14173,220.0,7.961069,180.0
1956,217.74753272841485,-6.769549941,41.57681797881594,2025W27_1A_0228_1,60857.15086,113.5826,4.978865,215.425641,53.14173,220.0,7.961069,180.0
1957,218.4274887911619,-7.407584005,194.34541804368516,2025W27_1A_0228_1,60857.15086,113.5826,4.978865,215.425641,53.14173,220.0,7.961069,180.0
1958,219.1139953238554,-6.280780677,32.23809072235285,2025W27_1A_0228_1,60857.15086,113.5826,4.978865,215.425641,53.14173,220.0,7.961069,180.0
1959,220.95192134493288,-7.373551806,202.33591481872844,2025W27_1A_0228_1,60857.15086,113.5826,4.978865,215.425641,53.14173,220.0,7.961069,180.0
1960,221.30800481088423,-6.528781277,0.0,2025W27_1A_0228_1,60857.15086,113.5826,4.978865,215.425641,53.14173,220.0,7.961069,180.0
1961,225.4042276061499,-7.82684228,212.50530606083214,2025W27_1A_0228_1,60857.15086,113.5826,4.978865,215.425641,53.14173,220.0,7.961069,180.0
1962,225.7913570153669,-7.459234752,221.67449814023973,2025W27_1A_0228_1,60857.15086,113.5826,4.978865,215.425641,53.14173,220.0,7.961069,180.0
1963,215.1325556,-5.414033859,211.2534190906349,2025W27_1A_0228_1,60857.15086,113.5826,4.978865,215.425641,53.14173,220.0,7.961069,180.0
1964,256.8795368375084,-63.01434285,-135.5626953,2025W38_1A_0013_1,60933.04038,113.5826,-69.600714,232.036311,30.926589,256.551724,-40.71001,180.0
1965,257.59225026325555,-63.11935582,-16.88417551,2025W38_1A_0013_1,60933.04038,113.5826,-69.600714,232.036311,30.926589,256.551724,-40.71001,180.0
1966,31.24708601,41.63516972,169.0851176259362,2025W31_2A_0165_2,60888.37712,113.5826,59.214441,299.545444,54.592562,43.636364,27.478273,0.0
1967,29.40014937,41.51019104936624,159.42726934,2025W31_2A_0165_2,60888.37712,113.5826,59.214441,299.545444,54.592562,43.636364,27.478273,0.0
1968,251.5505098284889,43.03579257308516,38.15155094791481,2025W31_2A_0106_1,60888.05121,113.5826,46.312655,258.878492,59.449936,244.8,65.993483,180.0
1969,251.4676675773205,43.06764464349616,200.04154768827345,2025W31_2A_0106_1,60888.05121,113.5826,46.312655,258.878492,59.449936,244.8,65.993483,180.0
1970,256.7147644,42.20935785026117,51.690548932351625,2025W31_2A_0106_1,60888.05121,113.5826,46.312655,258.878492,59.449936,244.8,65.993483,180.0
1971,247.7496368813329,71.10573928271027,317.81452814423665,2025W38_1A_0051_3,60933.15024,113.5826,64.646597,231.708977,86.75361,115.400118,85.576505,307.651652
1972,275.2348020980492,67.29779632302593,14.283798899999994,2025W38_1A_0051_3,60933.15024,113.5826,64.646597,231.708977,86.75361,115.400118,85.576505,307.651652
1973,77.99808245547239,-56.02398693,88.99628471,2025W27_1A_0220_2,60857.10566,113.5826,-64.270697,67.929377,41.66168,36.745455,-80.551845,33.623544
1974,72.30560370841543,-62.21817563,84.29541621,2025W27_1A_0220_2,60857.10566,113.5826,-64.270697,67.929377,41.66168,36.745455,-80.551845,33.623544
1975,341.62727228660475,-80.33326647,295.89334616754945,2025W38_1A_0078_1,60933.24608,113.5826,-78.607996,136.058624,42.234444,288.0,-61.147615,180.0
1976,339.0457672,-78.0854803,323.7062104558195,2025W38_1A_0078_1,60933.24608,113.5826,-78.607996,136.058624,42.234444,288.0,-61.147615,180.0
1977,341.9524544956524,-77.44769393,109.63338996681524,2025W38_1A_0078_1,60933.24608,113.5826,-78.607996,136.058624,42.234444,288.0,-61.147615,180.0
1978,228.941909,43.15575596850186,221.08409158384396,2025W27_1A_0307_1,60857.54936,113.5826,53.132171,82.055788,100.221111,216.0,56.95468,180.0
1979,232.7540615007092,39.19235394472571,36.74304072983048,2025W27_1A_0307_1,60857.54936,113.5826,53.132171,82.055788,100.221111,216.0,56.95468,180.0
1980,191.4059545275166,-42.66692363,29.95017965840314,2025W27_1A_0243_1,60857.22584,113.5826,-32.12812,182.687519,71.908142,205.16129,-33.897475,180.0
1981,45.041188542969465,-44.0254441,-78.8343157,2025W27_1A_0207_1,60857.041,113.5826,-47.121751,82.971269,54.226303,15.428571,-56.301747,0.0
1982,223.6982489081956,21.28103105272596,-152.7583922,2025W27_1A_0320_2,60857.6217,113.5826,29.571418,49.778163,63.288656,216.774194,35.077475,180.0
1983,224.00719711004623,21.200083136510425,12.3906901,2025W27_1A_0320_2,60857.6217,113.5826,29.571418,49.778163,63.288656,216.774194,35.077475,180.0
1984,224.3004336143225,19.523845839932832,24.64922420644398,2025W27_1A_0320_2,60857.6217,113.5826,29.571418,49.778163,63.288656,216.774194,35.077475,180.0
1985,86.58208194,-61.66674741,128.28319327,2025W38_1A_0015_3,60933.05086,113.5826,-51.801768,80.525238,51.685603,60.77966,-85.135766,324.203121
1986,247.28954791128305,-3.143419971,28.59893031933052,2025W31_2A_0121_2,60888.12774,113.5826,0.688912,222.972196,44.517263,250.285714,17.652804,180.0
1987,247.8007634503222,-2.947443652,30.79314842717753,2025W31_2A_0121_2,60888.12774,113.5826,0.688912,222.972196,44.517263,250.285714,17.652804,180.0
1988,247.76261229716883,-3.513055567,15.737861452667634,2025W31_2A_0121_2,60888.12774,113.5826,0.688912,222.972196,44.517263,250.285714,17.652804,180.0
1989,248.68244342505807,-5.340298855,30.60615761782784,2025W31_2A_0121_2,60888.12774,113.5826,0.688912,222.972196,44.517263,250.285714,17.652804,180.0
1990,247.06345744775345,-5.58450489,208.78340112010912,2025W31_2A_0121_2,60888.12774,113.5826,0.688912,222.972196,44.517263,250.285714,17.652804,180.0
1991,252.5650574366703,-5.82544469,21.89100389003126,2025W31_2A_0121_2,60888.12774,113.5826,0.688912,222.972196,44.517263,250.285714,17.652804,180.0
1992,256.0647196320906,-3.945366611,210.0914529896563,2025W31_2A_0121_2,60888.12774,113.5826,0.688912,222.972196,44.517263,250.285714,17.652804,180.0
1993,183.4294738095228,59.82289731969069,76.14468649829125,2025W18_1B_0388_3,60796.0688,113.5826,53.523009,255.589455,67.306691,154.285714,54.92508,180.0
1994,189.9740952862619,58.831998017137735,67.22461363879498,2025W18_1B_0388_3,60796.0688,113.5826,53.523009,255.589455,67.306691,154.285714,54.92508,180.0
1995,68.39102882922438,-41.53527387,126.13830859034135,2025W31_2A_0100_3,60888.02264,113.5826,-17.859153,83.291739,61.259919,48.0,-62.327615,0.0
1996,67.81947790804614,-40.57726777,-162.9412669,2025W31_2A_0100_3,60888.02264,113.5826,-17.859153,83.291739,61.259919,48.0,-62.327615,0.0
1997,58.748094667074646,-44.65794049,159.78801333,2025W31_2A_0100_3,60888.02264,113.5826,-17.859153,83.291739,61.259919,48.0,-62.327615,0.0
1998,349.2512313,-5.637072332,-35.57366462,2025W22_2B_0438_1,60827.0237,113.5826,-1.046579,80.892039,66.698479,343.333333,0.361867,0.0
1999,345.9182535878486,-6.388596429,163.7437077546331,2025W22_2B_0438_1,60827.0237,113.5826,-1.046579,80.892039,66.698479,343.333333,0.361867,0.0
2000,345.6742334520928,-5.979207404,-31.14826704,2025W22_2B_0438_1,60827.0237,113.5826,-1.046579,80.892039,66.698479,343.333333,0.361867,0.0
2001,345.6344004007212,-6.082268029,-30.70450272,2025W22_2B_0438_1,60827.0237,113.5826,-1.046579,80.892039,66.698479,343.333333,0.361867,0.0
2002,344.2131809381561,-6.53853225,-29.09143745,2025W22_2B_0438_1,60827.0237,113.5826,-1.046579,80.892039,66.698479,343.333333,0.361867,0.0
2003,343.82543326595754,-7.277999447,151.50427505,2025W22_2B_0438_1,60827.0237,113.5826,-1.046579,80.892039,66.698479,343.333333,0.361867,0.0
2004,343.25580467041823,-5.059344311,123.89089848,2025W22_2B_0438_1,60827.0237,113.5826,-1.046579,80.892039,66.698479,343.333333,0.361867,0.0
2005,340.7980462616572,-8.634959012,157.71981324,2025W22_2B_0438_1,60827.0237,113.5826,-1.046579,80.892039,66.698479,343.333333,0.361867,0.0
2006,340.4968366049301,-8.747323515,-29.28199781,2025W22_2B_0438_1,60827.0237,113.5826,-1.046579,80.892039,66.698479,343.333333,0.361867,0.0
2007,341.7706573244936,-5.529045391,159.39650548,2025W22_2B_0438_1,60827.0237,113.5826,-1.046579,80.892039,66.698479,343.333333,0.361867,0.0
2008,341.21437186609484,-6.147782026,-28.67825599,2025W22_2B_0438_1,60827.0237,113.5826,-1.046579,80.892039,66.698479,343.333333,0.361867,0.0
2009,68.52371552194852,-42.04614497,-30.00048993,2025W31_2A_0100_4,60888.02413,113.5826,-10.591111,81.707609,63.014487,48.0,-62.130948,0.0
2010,69.99395123342626,-42.38969682,-55.41615822,2025W31_2A_0100_4,60888.02413,113.5826,-10.591111,81.707609,63.014487,48.0,-62.130948,0.0
2011,192.4364284064453,59.318641934636005,249.54703413717326,2025W18_1B_0388_4,60796.07029,113.5826,45.109604,252.173137,61.545355,154.285714,54.728413,180.0
2012,7.317084536142738,-1.295500798,352.2589095121096,2025W27_1A_0266_1,60857.323,113.5826,6.312496,331.924482,7.881069,3.333333,-4.948135,0.0
2013,8.164102324243634,-2.134856803,155.29429879520413,2025W27_1A_0266_1,60857.323,113.5826,6.312496,331.924482,7.881069,3.333333,-4.948135,0.0
2014,7.554527385106816,-2.246979219,328.01792494770325,2025W27_1A_0266_1,60857.323,113.5826,6.312496,331.924482,7.881069,3.333333,-4.948135,0.0
2015,9.557981572396418,-2.708747372,327.9324990251322,2025W27_1A_0266_1,60857.323,113.5826,6.312496,331.924482,7.881069,3.333333,-4.948135,0.0
2016,7.425902353263248,-1.880145591,156.35311713921766,2025W27_1A_0266_1,60857.323,113.5826,6.312496,331.924482,7.881069,3.333333,-4.948135,0.0
2017,9.119371987286373,-2.289751257,328.9416331245432,2025W27_1A_0266_1,60857.323,113.5826,6.312496,331.924482,7.881069,3.333333,-4.948135,0.0
2018,5.435612856127312,-1.630095315,150.38382478809422,2025W27_1A_0266_1,60857.323,113.5826,6.312496,331.924482,7.881069,3.333333,-4.948135,0.0
2019,5.525567013283688,-1.600455872,330.310885982604,2025W27_1A_0266_1,60857.323,113.5826,6.312496,331.924482,7.881069,3.333333,-4.948135,0.0
2020,5.472247485043857,-2.688288096,168.00187292242393,2025W27_1A_0266_1,60857.323,113.5826,6.312496,331.924482,7.881069,3.333333,-4.948135,0.0
2021,3.682054986476517,-3.664164009,150.58750892052765,2025W27_1A_0266_1,60857.323,113.5826,6.312496,331.924482,7.881069,3.333333,-4.948135,0.0
2022,3.123159156650232,-3.175735074,150.4474167782018,2025W27_1A_0266_1,60857.323,113.5826,6.312496,331.924482,7.881069,3.333333,-4.948135,0.0
2023,3.393675714413552,-2.599914915,330.47258414118164,2025W27_1A_0266_1,60857.323,113.5826,6.312496,331.924482,7.881069,3.333333,-4.948135,0.0
2024,5.301054291965944,-3.669727627,330.7054622129411,2025W27_1A_0266_1,60857.323,113.5826,6.312496,331.924482,7.881069,3.333333,-4.948135,0.0
2025,6.1366164176497495,-70.08233594,56.3727842,2025W18_1B_0382_3,60796.03119,113.5826,-71.515347,102.909442,47.005585,314.181818,-62.980548,0.0
2026,241.35518898100787,-41.18722703,47.48421155989968,2025W31_2A_0123_1,60888.13641,113.5826,-44.162268,211.985098,47.395693,244.660194,-21.059072,180.0
2027,313.1365194498117,-65.31151086,141.38947280930904,2025W38_1A_0036_1,60933.10678,113.5826,-62.213683,214.813472,40.820014,286.26506,-46.476278,180.0
2028,329.7122942446975,18.68241435490794,-1.956570837,2025W22_2B_0451_2,60827.09769,113.5826,31.215127,49.217412,64.858135,345.454545,27.478273,0.0
2029,270.1922327157734,47.61065327482599,265.55909736,2025W36_1A_0039_1,60919.16234,113.5826,42.594237,217.671605,72.559503,272.0,72.153084,180.0
2030,275.8078481868857,48.12292231944814,45.061678571462494,2025W36_1A_0039_1,60919.16234,113.5826,42.594237,217.671605,72.559503,272.0,72.153084,180.0
2031,85.71531999077587,-53.33020595,86.81186813492293,2025W31_2A_0186_3,60888.49043,113.5826,-57.677725,285.061324,5.447531,64.124734,-79.649206,18.418715
2032,74.84605144878924,-58.92927195,-73.33063972,2025W31_2A_0186_3,60888.49043,113.5826,-57.677725,285.061324,5.447531,64.124734,-79.649206,18.418715
2033,14.561026502080589,-66.80029525,-59.86209302,2025W18_1B_0382_4,60796.03269,113.5826,-64.725646,94.911449,50.86824,314.181818,-62.783882,0.0
2034,70.01615115447528,62.96157528131244,169.20134271093843,2025W36_1A_0052_1,60919.22189,113.5826,81.770114,264.186269,83.015649,74.482759,41.103343,0.0
2035,63.77945798123015,63.24178481394434,11.53671,2025W36_1A_0052_1,60919.22189,113.5826,81.770114,264.186269,83.015649,74.482759,41.103343,0.0
2036,64.94958054078307,63.489310326198186,141.88685516,2025W36_1A_0052_1,60919.22189,113.5826,81.770114,264.186269,83.015649,74.482759,41.103343,0.0
2037,266.7629985061585,63.997913716196585,21.13686029498501,2025W38_1A_0070_3,60933.22529,113.5826,28.032816,191.810593,83.838188,287.116515,85.390445,130.552949
2038,51.3743737,-6.516555245,-24.31378911,2025W31_2A_0127_1,60888.16187,113.5826,-0.778252,30.73424,28.134844,42.772277,-24.662006,0.0
2039,51.52305373,-5.220908223,155.45090244769165,2025W31_2A_0127_1,60888.16187,113.5826,-0.778252,30.73424,28.134844,42.772277,-24.662006,0.0
2040,47.50276866913738,-8.965307064,-21.03465983,2025W31_2A_0127_1,60888.16187,113.5826,-0.778252,30.73424,28.134844,42.772277,-24.662006,0.0
2041,246.2833447833989,-1.626545398,39.59911681662446,2025W31_2A_0144_2,60888.26297,113.5826,4.211794,174.799234,90.739539,250.285714,19.226138,180.0
2042,246.5942204872824,-2.14136991,210.8021819773823,2025W31_2A_0144_2,60888.26297,113.5826,4.211794,174.799234,90.739539,250.285714,19.226138,180.0
2043,250.18510177401825,-3.023730148,210.0034726609885,2025W31_2A_0144_2,60888.26297,113.5826,4.211794,174.799234,90.739539,250.285714,19.226138,180.0
2044,250.42382745930524,-1.933066012,29.248399385357256,2025W31_2A_0144_2,60888.26297,113.5826,4.211794,174.799234,90.739539,250.285714,19.226138,180.0
2045,254.9052326608113,-2.011782815,-157.673405,2025W31_2A_0144_2,60888.26297,113.5826,4.211794,174.799234,90.739539,250.285714,19.226138,180.0
2046,255.14676154842368,-5.075738343,37.193240883461215,2025W31_2A_0144_2,60888.26297,113.5826,4.211794,174.799234,90.739539,250.285714,19.226138,180.0
2047,256.4354825175054,-5.263587983,2.3575899240139155,2025W31_2A_0144_2,60888.26297,113.5826,4.211794,174.799234,90.739539,250.285714,19.226138,180.0
2048,253.81584110148947,-1.7248453,25.065204080942387,2025W31_2A_0144_2,60888.26297,113.5826,4.211794,174.799234,90.739539,250.285714,19.226138,180.0
2049,32.30849975,41.29563062256302,-3.41380806,2025W31_2A_0165_3,60888.37862,113.5826,66.242551,294.095188,63.737745,43.636364,27.67494,0.0
2050,30.41880571548239,-30.22510865,-20.54032801,2025W27_1A_0209_1,60857.04517,113.5826,-25.40481,76.618575,53.438296,12.0,-38.680409,0.0
2051,83.76422329192783,-62.74213822,77.7882427,2025W27_1A_0262_1,60857.30417,113.5826,-81.533864,89.52901,35.515571,54.35517,-83.938137,38.396829
2052,247.95586563973504,-64.65482537,302.53750455247666,2025W38_1A_0059_1,60933.17717,113.5826,-74.129216,175.395882,44.35125,256.551724,-40.906676,180.0
2053,302.9154846454616,24.448429476810865,119.89184485,2025W18_1B_0386_3,60796.05475,113.5826,49.930208,60.201185,89.197675,316.626506,43.722944,0.0
2054,35.76606298812546,44.45931005477085,-58.74261664,2025W31_2A_0165_4,60888.38011,113.5826,74.068316,282.699291,71.693914,43.636364,27.871607,0.0
2055,177.8195301799134,-47.86054765,243.14224683745195,2025W27_1A_0285_1,60857.4319,113.5826,-43.748755,105.866462,66.794792,208.192771,-45.099611,180.0
2056,185.86976818902863,-54.23914925,53.53271463124611,2025W27_1A_0285_1,60857.4319,113.5826,-43.748755,105.866462,66.794792,208.192771,-45.099611,180.0
2057,267.47975826853747,64.74889623130979,24.722173199999986,2025W38_1A_0070_4,60933.22679,113.5826,19.551089,189.803028,82.360131,285.283753,85.262998,132.379698
2058,268.39163318955315,61.83493384526916,205.51446953192496,2025W38_1A_0070_4,60933.22679,113.5826,19.551089,189.803028,82.360131,285.283753,85.262998,132.379698
2059,243.24404513240825,15.339760567132355,47.52570291049663,2025W36_1A_0056_1,60919.24186,113.5826,-18.706701,178.899859,81.044519,243.870968,36.650809,180.0
2060,252.61050985156425,15.458390353946594,224.93241000867772,2025W36_1A_0056_1,60919.24186,113.5826,-18.706701,178.899859,81.044519,243.870968,36.650809,180.0
2061,75.44861378582438,-56.66825059,125.80330233000001,2025W27_1A_0220_4,60857.10865,113.5826,-48.88105,59.195453,35.317269,35.454533,-80.213751,32.367749
2062,75.52403339883884,-61.56198772,-113.1313113,2025W27_1A_0220_4,60857.10865,113.5826,-48.88105,59.195453,35.317269,35.454533,-80.213751,32.367749
2063,68.78405717381057,-63.4035861,129.7070021250011,2025W27_1A_0220_4,60857.10865,113.5826,-48.88105,59.195453,35.317269,35.454533,-80.213751,32.367749
2064,76.94733346937937,-60.43562177,-162.6067628,2025W27_1A_0220_4,60857.10865,113.5826,-48.88105,59.195453,35.317269,35.454533,-80.213751,32.367749
2065,76.77800961815295,-60.70872179,-161.8795054,2025W27_1A_0220_4,60857.10865,113.5826,-48.88105,59.195453,35.317269,35.454533,-80.213751,32.367749
2066,309.8153992059688,26.50402881130852,138.85717261,2025W18_1B_0386_4,60796.05624,113.5826,58.302204,56.099994,92.888627,316.626506,43.919611,0.0
2067,249.52547627188065,-11.94095782,23.585628200000002,2025W31_2A_0182_3,60888.46955,113.5826,-9.967905,98.466122,74.626797,250.0,10.777336,180.0
2068,253.2925499868788,-10.96988792,179.17838785491065,2025W31_2A_0182_3,60888.46955,113.5826,-9.967905,98.466122,74.626797,250.0,10.777336,180.0
2069,255.03109711494332,-11.23002532,21.88619879999999,2025W31_2A_0182_3,60888.46955,113.5826,-9.967905,98.466122,74.626797,250.0,10.777336,180.0
2070,254.86369517580903,-13.6478705,21.99081462737724,2025W31_2A_0182_3,60888.46955,113.5826,-9.967905,98.466122,74.626797,250.0,10.777336,180.0
2071,255.4113107677689,-13.88667017,203.05382327,2025W31_2A_0182_3,60888.46955,113.5826,-9.967905,98.466122,74.626797,250.0,10.777336,180.0
2072,238.96242328793065,-60.45744106,333.12514508613936,2025W31_2A_0146_1,60888.2748,113.5826,-57.4211,157.311491,59.999391,244.137931,-40.316676,180.0
2073,287.48668019641616,71.95684043388322,214.9224470628799,2025W27_1A_0268_1,60857.3368,113.5826,77.203891,289.795908,72.707946,36.361192,85.326835,311.454672
2074,286.4314051697803,70.78284737680822,101.30910046493604,2025W27_1A_0268_1,60857.3368,113.5826,77.203891,289.795908,72.707946,36.361192,85.326835,311.454672
2075,85.53354134129563,-55.32566473,-48.72184788,2025W31_2A_0125_2,60888.15007,113.5826,-62.085223,50.184055,31.808,62.190815,-79.082832,20.725014
2076,215.95029704989284,1.5095771484191145,-147.8642786,2025W27_1A_0203_1,60857.01408,113.5826,9.927618,265.381318,23.394461,218.691589,13.79027,180.0
2077,216.6981702083676,-0.012766923,25.558136100000013,2025W27_1A_0203_1,60857.01408,113.5826,9.927618,265.381318,23.394461,218.691589,13.79027,180.0
2078,216.7740775648249,-0.365538385,22.175268799999998,2025W27_1A_0203_1,60857.01408,113.5826,9.927618,265.381318,23.394461,218.691589,13.79027,180.0
2079,216.1926033915862,-0.169230466,31.98484110000001,2025W27_1A_0203_1,60857.01408,113.5826,9.927618,265.381318,23.394461,218.691589,13.79027,180.0
2080,216.0326204457999,-1.470844878,32.835744799999986,2025W27_1A_0203_1,60857.01408,113.5826,9.927618,265.381318,23.394461,218.691589,13.79027,180.0
2081,218.9439730843657,-1.804044334,31.949156700000003,2025W27_1A_0203_1,60857.01408,113.5826,9.927618,265.381318,23.394461,218.691589,13.79027,180.0
2082,219.02431097501045,-1.840143026,31.992930699999988,2025W27_1A_0203_1,60857.01408,113.5826,9.927618,265.381318,23.394461,218.691589,13.79027,180.0
2083,219.85956261492424,-2.014836742,33.768915600000014,2025W27_1A_0203_1,60857.01408,113.5826,9.927618,265.381318,23.394461,218.691589,13.79027,180.0
2084,221.4569080440714,-2.901240634,31.745200100000005,2025W27_1A_0203_1,60857.01408,113.5826,9.927618,265.381318,23.394461,218.691589,13.79027,180.0
2085,222.15818222167567,-2.048516781,33.26731140000001,2025W27_1A_0203_1,60857.01408,113.5826,9.927618,265.381318,23.394461,218.691589,13.79027,180.0
2086,222.67042229137465,-0.651892696,-151.8175976,2025W27_1A_0203_1,60857.01408,113.5826,9.927618,265.381318,23.394461,218.691589,13.79027,180.0
2087,224.6377630295785,-1.694161434,-147.0850617,2025W27_1A_0203_1,60857.01408,113.5826,9.927618,265.381318,23.394461,218.691589,13.79027,180.0
2088,224.60225975213868,-1.739237732,31.076592500000004,2025W27_1A_0203_1,60857.01408,113.5826,9.927618,265.381318,23.394461,218.691589,13.79027,180.0
2089,225.3799227599032,-4.171247934,40.93097270000001,2025W27_1A_0203_1,60857.01408,113.5826,9.927618,265.381318,23.394461,218.691589,13.79027,180.0
2090,222.90538789721012,-2.116629568,34.098692400000004,2025W27_1A_0203_1,60857.01408,113.5826,9.927618,265.381318,23.394461,218.691589,13.79027,180.0
2091,97.73650079224905,-76.76156784,137.13447191,2025W38_1A_0038_1,60933.11261,113.5826,-81.148701,112.036125,42.472948,257.142857,-78.831886,180.0
2092,99.13191152533084,-76.72921125,0.2183293463218272,2025W38_1A_0038_1,60933.11261,113.5826,-81.148701,112.036125,42.472948,257.142857,-78.831886,180.0
2093,219.4907940884492,-0.904645094,54.40697181019653,2025W27_1A_0241_3,60857.22003,113.5826,-0.543948,189.81788,74.890545,218.691589,12.61027,180.0
2094,221.36747080687505,-4.130547759,28.93339353790068,2025W27_1A_0241_3,60857.22003,113.5826,-0.543948,189.81788,74.890545,218.691589,12.61027,180.0
2095,218.30007281339172,-0.901210004,27.84477114770065,2025W27_1A_0241_3,60857.22003,113.5826,-0.543948,189.81788,74.890545,218.691589,12.61027,180.0
2096,31.762891679684284,51.607178214932425,-45.97137933,2025W31_2A_0104_4,60888.04169,113.5826,79.156603,26.982588,83.500391,44.0,37.500409,0.0
2097,23.963764428312267,50.20879819370213,95.8069708,2025W31_2A_0104_4,60888.04169,113.5826,79.156603,26.982588,83.500391,44.0,37.500409,0.0
2098,277.4167089118342,25.49296143859336,-121.4104908,2025W36_1A_0054_2,60919.23452,113.5826,20.107821,187.218268,84.896775,278.4,49.748812,180.0
2099,281.7586949676306,27.535460290358586,-131.4066415,2025W36_1A_0054_2,60919.23452,113.5826,20.107821,187.218268,84.896775,278.4,49.748812,180.0
2100,71.95184269076717,57.36172382790692,-24.05736926,2025W36_1A_0037_1,60919.15324,113.5826,81.963916,311.295417,80.149311,73.548387,35.864142,0.0
2101,69.38148199459202,58.16169546,167.49786984,2025W36_1A_0037_1,60919.15324,113.5826,81.963916,311.295417,80.149311,73.548387,35.864142,0.0
2102,74.46559441160534,59.449758907648544,-9.696263847,2025W36_1A_0037_1,60919.15324,113.5826,81.963916,311.295417,80.149311,73.548387,35.864142,0.0
2103,71.04914752244238,60.02542330538421,-167.3683223,2025W36_1A_0037_1,60919.15324,113.5826,81.963916,311.295417,80.149311,73.548387,35.864142,0.0
2104,65.38456604410472,57.31356559624977,96.16163009,2025W36_1A_0037_1,60919.15324,113.5826,81.963916,311.295417,80.149311,73.548387,35.864142,0.0
2105,60.82985344,58.72675455814009,355.45909342802156,2025W36_1A_0037_1,60919.15324,113.5826,81.963916,311.295417,80.149311,73.548387,35.864142,0.0
2106,215.780161821302,-1.929386932,23.382278518614683,2025W27_1A_0241_4,60857.22153,113.5826,-9.058623,188.032694,74.130293,218.691589,12.413603,180.0
2107,221.24001991253127,-2.917973269,26.452898385098703,2025W27_1A_0241_4,60857.22153,113.5826,-9.058623,188.032694,74.130293,218.691589,12.413603,180.0
2108,219.69827354520945,-2.827518479,200.061930361686,2025W27_1A_0241_4,60857.22153,113.5826,-9.058623,188.032694,74.130293,218.691589,12.413603,180.0
2109,221.95535865945155,-3.016328345,25.56678554086577,2025W27_1A_0241_4,60857.22153,113.5826,-9.058623,188.032694,74.130293,218.691589,12.413603,180.0
2110,224.39125403076463,-3.812329693,189.374134168,2025W27_1A_0241_4,60857.22153,113.5826,-9.058623,188.032694,74.130293,218.691589,12.413603,180.0
2111,225.12934400840336,-5.169475134,22.85812249706785,2025W27_1A_0241_4,60857.22153,113.5826,-9.058623,188.032694,74.130293,218.691589,12.413603,180.0
2112,224.1470974981033,-4.944138058,197.2501197691368,2025W27_1A_0241_4,60857.22153,113.5826,-9.058623,188.032694,74.130293,218.691589,12.413603,180.0
2113,87.27363764935198,-52.60630603,-109.3578184,2025W31_2A_0186_2,60888.48894,113.5826,-65.846116,291.045903,8.185228,64.49338,-79.832131,18.748367
2114,86.03866239,-57.49397698,-59.92238507,2025W31_2A_0186_2,60888.48894,113.5826,-65.846116,291.045903,8.185228,64.49338,-79.832131,18.748367
2115,34.66031883842188,13.895162143756483,-35.36839324,2025W31_2A_0140_4,60888.23872,113.5826,45.934183,354.648174,52.737042,40.0,-0.228133,0.0
2116,337.90919875978466,55.16848907298594,-28.45985934,2025W27_1A_0224_2,60857.12966,113.5826,60.998911,27.78131,80.490918,16.615385,56.36468,0.0
2117,339.0712897563094,53.45822110292821,-28.0903986,2025W27_1A_0224_2,60857.12966,113.5826,60.998911,27.78131,80.490918,16.615385,56.36468,0.0
2118,250.92208771390025,5.655727249232544,-172.2874193,2025W31_2A_0169_1,60888.39563,113.5826,21.129546,129.555842,123.348094,249.50495,27.218673,180.0
2119,14.36054728,-66.87420167,-121.1121566,2025W18_1B_0382_2,60796.0297,113.5826,-78.599309,122.665252,42.41999,314.181818,-63.177215,0.0
2120,18.67102305497371,-67.40710792,116.2345112,2025W18_1B_0382_2,60796.0297,113.5826,-78.599309,122.665252,42.41999,314.181818,-63.177215,0.0
2121,355.7149988872975,-74.67501105,14.200800200000003,2025W18_1B_0382_2,60796.0297,113.5826,-78.599309,122.665252,42.41999,314.181818,-63.177215,0.0
2122,10.469749599661265,-5.290504411,151.53830256999998,2025W27_1A_0303_1,60857.5265,113.5826,4.625284,258.912889,19.197201,3.333333,-7.371068,0.0
2123,9.059738799,-4.519401976,-29.97706478,2025W27_1A_0303_1,60857.5265,113.5826,4.625284,258.912889,19.197201,3.333333,-7.371068,0.0
2124,8.009422296157503,-4.680844459,150.58759619,2025W27_1A_0303_1,60857.5265,113.5826,4.625284,258.912889,19.197201,3.333333,-7.371068,0.0
2125,8.060772035430553,-2.977738424,-29.26578958,2025W27_1A_0303_1,60857.5265,113.5826,4.625284,258.912889,19.197201,3.333333,-7.371068,0.0
2126,6.810518335922161,-4.401986021,-47.03762063,2025W27_1A_0303_1,60857.5265,113.5826,4.625284,258.912889,19.197201,3.333333,-7.371068,0.0
2127,7.819247105865536,-5.801109909,150.3842252,2025W27_1A_0303_1,60857.5265,113.5826,4.625284,258.912889,19.197201,3.333333,-7.371068,0.0
2128,5.930166395453847,-3.967929512,143.47317977,2025W27_1A_0303_1,60857.5265,113.5826,4.625284,258.912889,19.197201,3.333333,-7.371068,0.0
2129,5.757868010343519,-4.18880747,-16.24545101,2025W27_1A_0303_1,60857.5265,113.5826,4.625284,258.912889,19.197201,3.333333,-7.371068,0.0
2130,3.957721475505517,-6.345646506,148.17831801,2025W27_1A_0303_1,60857.5265,113.5826,4.625284,258.912889,19.197201,3.333333,-7.371068,0.0
2131,3.0678159987212017,-6.690428664,-40.8164459,2025W27_1A_0303_1,60857.5265,113.5826,4.625284,258.912889,19.197201,3.333333,-7.371068,0.0
2132,1.0355903778450073,-5.674715821,328.5288282367841,2025W27_1A_0303_1,60857.5265,113.5826,4.625284,258.912889,19.197201,3.333333,-7.371068,0.0
2133,85.86842856024516,-59.36959354,297.53211906761186,2025W27_1A_0247_1,60857.23707,113.5826,-81.922201,84.022593,36.124408,54.347863,-83.936911,38.404135
2134,78.78804014558368,-64.56168659,111.29704875341012,2025W27_1A_0247_1,60857.23707,113.5826,-81.922201,84.022593,36.124408,54.347863,-83.936911,38.404135
2135,87.48880287898986,-58.95973964,127.9603673,2025W31_2A_0161_2,60888.35497,113.5826,-56.609578,333.379126,1.212466,78.661564,-83.271274,41.270846
2136,81.55752604603296,-64.35751463,92.76493932,2025W31_2A_0161_2,60888.35497,113.5826,-56.609578,333.379126,1.212466,78.661564,-83.271274,41.270846
2137,32.434763464468475,12.39723741479573,169.30295467,2025W31_2A_0140_3,60888.23722,113.5826,38.694309,357.024807,47.552963,40.0,-0.4248,0.0
2138,33.86968496375152,14.985288624360816,-34.45930224,2025W31_2A_0140_3,60888.23722,113.5826,38.694309,357.024807,47.552963,40.0,-0.4248,0.0
2139,47.16867808840534,0.484198969,-29.5695706,2025W31_2A_0102_1,60888.02842,113.5826,12.458295,76.855477,70.057551,41.142857,-17.849471,0.0
2140,46.94182623724237,-0.017215774,-35.30724122,2025W31_2A_0102_1,60888.02842,113.5826,12.458295,76.855477,70.057551,41.142857,-17.849471,0.0
2141,47.576702176817335,-2.349466919,152.17442293,2025W31_2A_0102_1,60888.02842,113.5826,12.458295,76.855477,70.057551,41.142857,-17.849471,0.0
2142,46.70898125581402,-2.471781966,152.15883594,2025W31_2A_0102_1,60888.02842,113.5826,12.458295,76.855477,70.057551,41.142857,-17.849471,0.0
2143,45.04618096188415,-2.401132796,151.58644069,2025W31_2A_0102_1,60888.02842,113.5826,12.458295,76.855477,70.057551,41.142857,-17.849471,0.0
2144,44.78120222548763,-2.347307939,151.5271708,2025W31_2A_0102_1,60888.02842,113.5826,12.458295,76.855477,70.057551,41.142857,-17.849471,0.0
2145,44.22068218102721,-2.416853354,151.43565128,2025W31_2A_0102_1,60888.02842,113.5826,12.458295,76.855477,70.057551,41.142857,-17.849471,0.0
2146,44.15759823293688,-2.474591443,151.61053833,2025W31_2A_0102_1,60888.02842,113.5826,12.458295,76.855477,70.057551,41.142857,-17.849471,0.0
2147,44.128488645344255,-2.457309817,151.27307568,2025W31_2A_0102_1,60888.02842,113.5826,12.458295,76.855477,70.057551,41.142857,-17.849471,0.0
2148,43.42029781024506,-3.03829966,-29.24457307,2025W31_2A_0102_1,60888.02842,113.5826,12.458295,76.855477,70.057551,41.142857,-17.849471,0.0
2149,40.61619853564796,-2.503330201,-29.48675374,2025W31_2A_0102_1,60888.02842,113.5826,12.458295,76.855477,70.057551,41.142857,-17.849471,0.0
2150,40.60460575673869,-2.524035441,150.19028192,2025W31_2A_0102_1,60888.02842,113.5826,12.458295,76.855477,70.057551,41.142857,-17.849471,0.0
2151,38.78889905235082,-2.443520686,-29.22787014,2025W31_2A_0102_1,60888.02842,113.5826,12.458295,76.855477,70.057551,41.142857,-17.849471,0.0
2152,38.78765410761366,-2.551571252,-29.32636513,2025W31_2A_0102_1,60888.02842,113.5826,12.458295,76.855477,70.057551,41.142857,-17.849471,0.0
2153,42.123005891885065,-2.952326409,-30.5528129,2025W31_2A_0102_1,60888.02842,113.5826,12.458295,76.855477,70.057551,41.142857,-17.849471,0.0
2154,41.30285904928339,-3.450419225,-23.34864457,2025W31_2A_0102_1,60888.02842,113.5826,12.458295,76.855477,70.057551,41.142857,-17.849471,0.0
2155,40.96614168846667,-3.764801627,148.87875695,2025W31_2A_0102_1,60888.02842,113.5826,12.458295,76.855477,70.057551,41.142857,-17.849471,0.0
2156,39.99975741048903,-4.084124731,149.47630138,2025W31_2A_0102_1,60888.02842,113.5826,12.458295,76.855477,70.057551,41.142857,-17.849471,0.0
2157,258.0842246602392,40.40812795731374,22.99070470000001,2025W38_1A_0091_1,60933.29689,113.5826,9.147867,163.079294,104.095506,258.0,62.524282,180.0
2158,222.2515759,18.84413396671316,42.46092235268132,2025W27_1A_0320_4,60857.6247,113.5826,13.781631,46.109289,47.339587,216.774194,34.684142,180.0
2159,222.3491815233264,18.69303210374269,29.125234589462217,2025W27_1A_0320_4,60857.6247,113.5826,13.781631,46.109289,47.339587,216.774194,34.684142,180.0
2160,225.4739861505384,4.813996984775327,194.7286178108264,2025W27_1A_0283_3,60857.42293,113.5826,3.571851,117.309475,100.363717,220.194175,22.239072,180.0
2161,226.35514345607143,19.06030087,-161.1415704,2025W27_1A_0320_3,60857.62321,113.5826,22.28892,48.013085,54.209204,216.774194,34.880808,180.0
2162,226.7454648627574,18.934378703174502,34.960782335323735,2025W27_1A_0320_3,60857.62321,113.5826,22.28892,48.013085,54.209204,216.774194,34.880808,180.0
2163,156.24359458026143,-26.29059718,25.637741799999986,2025W18_1B_0380_1,60796.01448,113.5826,-17.364184,261.765705,3.559269,170.322581,-34.684142,180.0
2164,243.5421739846756,-13.23048199,0.5977367000000129,2025W31_2A_0108_1,60888.06007,113.5826,0.139332,247.312716,22.621286,246.666667,7.174402,180.0
2165,243.8769257851985,-13.79239797,208.25803489650463,2025W31_2A_0108_1,60888.06007,113.5826,0.139332,247.312716,22.621286,246.666667,7.174402,180.0
2166,248.8885798027504,-16.4531994,28.17898923,2025W31_2A_0108_1,60888.06007,113.5826,0.139332,247.312716,22.621286,246.666667,7.174402,180.0
2167,49.85330155465276,-44.07264049,151.25332735,2025W27_1A_0301_2,60857.51916,113.5826,-32.955958,267.345299,2.703876,16.615385,-58.528014,0.0
2168,39.52434370602126,-48.98027196,-38.46175714,2025W27_1A_0301_2,60857.51916,113.5826,-32.955958,267.345299,2.703876,16.615385,-58.528014,0.0
2169,213.1651068414892,-16.25583941,51.519053612744365,2025W27_1A_0309_1,60857.55972,113.5826,-1.381126,67.367387,52.826291,213.333333,-2.981467,180.0
2170,215.3261799043457,-17.10376137,24.14181077510099,2025W27_1A_0309_1,60857.55972,113.5826,-1.381126,67.367387,52.826291,213.333333,-2.981467,180.0
2171,213.4916607602431,-17.90161871,192.30463601610828,2025W27_1A_0309_1,60857.55972,113.5826,-1.381126,67.367387,52.826291,213.333333,-2.981467,180.0
2172,290.6402088341234,-32.3355073,-179.7160386,2025W38_1A_0076_1,60933.24141,113.5826,-56.509764,169.49687,57.50434,283.333333,-9.990669,180.0
2173,182.71554667858783,59.94344234391632,233.17134647860246,2025W18_1B_0388_2,60796.06731,113.5826,60.660565,259.592556,73.036777,154.285714,55.121747,180.0
2174,45.63774314710693,-0.788258026,-27.60370026,2025W31_2A_0163_1,60888.36694,113.5826,6.085323,315.937193,1.2506,40.754717,-15.623204,0.0
2175,42.41094915349062,-1.333003857,151.06158527,2025W31_2A_0163_1,60888.36694,113.5826,6.085323,315.937193,1.2506,40.754717,-15.623204,0.0
2176,41.97602990177955,-0.835731244,151.54005049,2025W31_2A_0163_1,60888.36694,113.5826,6.085323,315.937193,1.2506,40.754717,-15.623204,0.0
2177,41.15384840766617,-1.605542945,151.34355405,2025W31_2A_0163_1,60888.36694,113.5826,6.085323,315.937193,1.2506,40.754717,-15.623204,0.0
2178,40.38507095113665,-1.371898711,-21.4210012,2025W31_2A_0163_1,60888.36694,113.5826,6.085323,315.937193,1.2506,40.754717,-15.623204,0.0
2179,39.243788569760106,-1.409113951,150.7549553,2025W31_2A_0163_1,60888.36694,113.5826,6.085323,315.937193,1.2506,40.754717,-15.623204,0.0
2180,40.02588938543474,-1.415024737,-29.84972651,2025W31_2A_0163_1,60888.36694,113.5826,6.085323,315.937193,1.2506,40.754717,-15.623204,0.0
2181,38.94358527313972,-2.182962669,-31.86564356,2025W31_2A_0163_1,60888.36694,113.5826,6.085323,315.937193,1.2506,40.754717,-15.623204,0.0
